	activation	batch_size	epochs	kernel_initializer	learning_rate	loss	neurons	optimizer	accuracy	std
0	relu	10	100	random_uniform	0.01	sparse_categorical_crossentropy	10	adam	0.7790438768827767	0.01812010133082106
1	relu	10	100	random_uniform	0.01	sparse_categorical_crossentropy	10	sgd	0.2861127162063254	0.028005058122318828
2	relu	10	100	random_uniform	0.01	sparse_categorical_crossentropy	10	rmsprop	0.7339134789475713	0.015540279360563153
3	relu	10	100	random_uniform	0.01	sparse_categorical_crossentropy	10	adagrad	0.2861127162063254	0.028005058122318828
4	relu	10	100	random_uniform	0.01	sparse_categorical_crossentropy	10	nadam	0.7613875727108133	0.013853033576457577
5	relu	10	100	random_uniform	0.01	sparse_categorical_crossentropy	10	adamax	0.7154443545591125	0.029134265902365286
6	relu	10	100	random_uniform	0.01	sparse_categorical_crossentropy	50	adam	0.8398636311105975	0.018443205380215235
7	relu	10	100	random_uniform	0.01	sparse_categorical_crossentropy	50	sgd	0.3786617358141685	0.20486904203347245
8	relu	10	100	random_uniform	0.01	sparse_categorical_crossentropy	50	rmsprop	0.8261358295774105	0.013036320498804143
9	relu	10	100	random_uniform	0.01	sparse_categorical_crossentropy	50	adagrad	0.2861127162063254	0.028005058122318828
10	relu	10	100	random_uniform	0.01	sparse_categorical_crossentropy	50	nadam	0.8363288262259717	0.0219819348966162
11	relu	10	100	random_uniform	0.01	sparse_categorical_crossentropy	50	adamax	0.7970938788088909	0.00937288872844745
12	relu	10	100	random_uniform	0.01	sparse_categorical_crossentropy	100	adam	0.8543911552833314	0.019234863015349612
13	relu	10	100	random_uniform	0.01	sparse_categorical_crossentropy	100	sgd	0.6037759543896144	0.26149405941346404
14	relu	10	100	random_uniform	0.01	sparse_categorical_crossentropy	100	rmsprop	0.8524188142840634	0.015954999061466135
15	relu	10	100	random_uniform	0.01	sparse_categorical_crossentropy	100	adagrad	0.2861127162063254	0.028005058122318828
16	relu	10	100	random_uniform	0.01	sparse_categorical_crossentropy	100	nadam	0.8547756076890481	0.016766065699630742
17	relu	10	100	random_uniform	0.01	sparse_categorical_crossentropy	100	adamax	0.8229931815555298	0.023908817515180522
18	relu	10	100	random_uniform	0.03	sparse_categorical_crossentropy	10	adam	0.7452752417273392	0.01792125152595637
19	relu	10	100	random_uniform	0.03	sparse_categorical_crossentropy	10	sgd	0.2861127162063254	0.028005058122318828
20	relu	10	100	random_uniform	0.03	sparse_categorical_crossentropy	10	rmsprop	0.7323302130282369	0.01821880702906092
21	relu	10	100	random_uniform	0.03	sparse_categorical_crossentropy	10	adagrad	0.24605801456142382	0.05171688836708221
22	relu	10	100	random_uniform	0.03	sparse_categorical_crossentropy	10	nadam	0.7342917677876651	0.021419164490308305
23	relu	10	100	random_uniform	0.03	sparse_categorical_crossentropy	10	adamax	0.673014368812358	0.07263523849012014
24	relu	10	100	random_uniform	0.03	sparse_categorical_crossentropy	50	adam	0.8339859008436381	0.027344427828625322
25	relu	10	100	random_uniform	0.03	sparse_categorical_crossentropy	50	sgd	0.2861127162063254	0.028005058122318828
26	relu	10	100	random_uniform	0.03	sparse_categorical_crossentropy	50	rmsprop	0.8261319773488964	0.022885216055578122
27	relu	10	100	random_uniform	0.03	sparse_categorical_crossentropy	50	adagrad	0.2861127162063254	0.028005058122318828
28	relu	10	100	random_uniform	0.03	sparse_categorical_crossentropy	50	nadam	0.8394791787048806	0.02399083754507403
29	relu	10	100	random_uniform	0.03	sparse_categorical_crossentropy	50	adamax	0.7963072537462923	0.010481719574114734
30	relu	10	100	random_uniform	0.03	sparse_categorical_crossentropy	100	adam	0.8492931160676452	0.009331012599113337
31	relu	10	100	random_uniform	0.03	sparse_categorical_crossentropy	100	sgd	0.7206379290419507	0.199030022705905
32	relu	10	100	random_uniform	0.03	sparse_categorical_crossentropy	100	rmsprop	0.858314264802188	0.011004237000885521
33	relu	10	100	random_uniform	0.03	sparse_categorical_crossentropy	100	adagrad	0.2861127162063254	0.028005058122318828
34	relu	10	100	random_uniform	0.03	sparse_categorical_crossentropy	100	nadam	0.8563588736083826	0.0251930901105136
35	relu	10	100	random_uniform	0.03	sparse_categorical_crossentropy	100	adamax	0.815940521591741	0.01848807861196359
36	relu	10	100	random_uniform	0.05	sparse_categorical_crossentropy	10	adam	0.7554928926383913	0.01705447174290801
37	relu	10	100	random_uniform	0.05	sparse_categorical_crossentropy	10	sgd	0.2861127162063254	0.028005058122318828
38	relu	10	100	random_uniform	0.05	sparse_categorical_crossentropy	10	rmsprop	0.7523525559536192	0.021559894822930026
39	relu	10	100	random_uniform	0.05	sparse_categorical_crossentropy	10	adagrad	0.2861127162063254	0.028005058122318828
40	relu	10	100	random_uniform	0.05	sparse_categorical_crossentropy	10	nadam	0.7402141839053893	0.03045321622880749
41	relu	10	100	random_uniform	0.05	sparse_categorical_crossentropy	10	adamax	0.6797611618321199	0.046780792826967725
42	relu	10	100	random_uniform	0.05	sparse_categorical_crossentropy	50	adam	0.834767132786317	0.01703065013715448
43	relu	10	100	random_uniform	0.05	sparse_categorical_crossentropy	50	sgd	0.2861127162063254	0.028005058122318828
44	relu	10	100	random_uniform	0.05	sparse_categorical_crossentropy	50	rmsprop	0.8331938826611195	0.02130664427788942
45	relu	10	100	random_uniform	0.05	sparse_categorical_crossentropy	50	adagrad	0.2861127162063254	0.028005058122318828
46	relu	10	100	random_uniform	0.05	sparse_categorical_crossentropy	50	nadam	0.8320312800955353	0.011658478720464957
47	relu	10	100	random_uniform	0.05	sparse_categorical_crossentropy	50	adamax	0.7990569744597249	0.013411863693525303
48	relu	10	100	random_uniform	0.05	sparse_categorical_crossentropy	100	adam	0.8528148233753227	0.026672132037332884
49	relu	10	100	random_uniform	0.05	sparse_categorical_crossentropy	100	sgd	0.596495242497785	0.26394675636372056
50	relu	10	100	random_uniform	0.05	sparse_categorical_crossentropy	100	rmsprop	0.8375191648368581	0.0194058019483416
51	relu	10	100	random_uniform	0.05	sparse_categorical_crossentropy	100	adagrad	0.2865056435147733	0.028382052811440104
52	relu	10	100	random_uniform	0.05	sparse_categorical_crossentropy	100	nadam	0.852032820986941	0.02181718948073876
53	relu	10	100	random_uniform	0.05	sparse_categorical_crossentropy	100	adamax	0.8131792441927657	0.018080129662284183
54	relu	10	100	random_uniform	0.07	sparse_categorical_crossentropy	10	adam	0.760584768288455	0.012700054728536248
55	relu	10	100	random_uniform	0.07	sparse_categorical_crossentropy	10	sgd	0.2861127162063254	0.028005058122318828
56	relu	10	100	random_uniform	0.07	sparse_categorical_crossentropy	10	rmsprop	0.7562818290380985	0.010717879327525394
57	relu	10	100	random_uniform	0.07	sparse_categorical_crossentropy	10	adagrad	0.3010146769906391	0.022552114468737196
58	relu	10	100	random_uniform	0.07	sparse_categorical_crossentropy	10	nadam	0.7382495473631496	0.03211459594357403
59	relu	10	100	random_uniform	0.07	sparse_categorical_crossentropy	10	adamax	0.6424207403983204	0.08161519728266806
60	relu	10	100	random_uniform	0.07	sparse_categorical_crossentropy	50	adam	0.8414353403443892	0.017332962437520236
61	relu	10	100	random_uniform	0.07	sparse_categorical_crossentropy	50	sgd	0.2861127162063254	0.028005058122318828
62	relu	10	100	random_uniform	0.07	sparse_categorical_crossentropy	50	rmsprop	0.8233768635155437	0.01855094301445929
63	relu	10	100	random_uniform	0.07	sparse_categorical_crossentropy	50	adagrad	0.2861127162063254	0.028005058122318828
64	relu	10	100	random_uniform	0.07	sparse_categorical_crossentropy	50	nadam	0.8375207057282636	0.007862056577899542
65	relu	10	100	random_uniform	0.07	sparse_categorical_crossentropy	50	adamax	0.802193458915983	0.01678217851732552
66	relu	10	100	random_uniform	0.07	sparse_categorical_crossentropy	100	adam	0.8477221772795562	0.02208153250352366
67	relu	10	100	random_uniform	0.07	sparse_categorical_crossentropy	100	sgd	0.8096521437651681	0.019768875071849018
68	relu	10	100	random_uniform	0.07	sparse_categorical_crossentropy	100	rmsprop	0.8469370931083631	0.01769681220495694
69	relu	10	100	random_uniform	0.07	sparse_categorical_crossentropy	100	adagrad	0.2861127162063254	0.028005058122318828
70	relu	10	100	random_uniform	0.07	sparse_categorical_crossentropy	100	nadam	0.8547856234831851	0.007389464547258061
71	relu	10	100	random_uniform	0.07	sparse_categorical_crossentropy	100	adamax	0.8163242035517546	0.011045759049206757
72	relu	10	100	normal	0.01	sparse_categorical_crossentropy	10	adam	0.7598058476828845	0.01218323600205413
73	relu	10	100	normal	0.01	sparse_categorical_crossentropy	10	sgd	0.2861127162063254	0.028005058122318828
74	relu	10	100	normal	0.01	sparse_categorical_crossentropy	10	rmsprop	0.7680542393774799	0.02139765903586037
75	relu	10	100	normal	0.01	sparse_categorical_crossentropy	10	adagrad	0.26807350052005086	0.02712933482132567
76	relu	10	100	normal	0.01	sparse_categorical_crossentropy	10	nadam	0.7586339997688663	0.011644921550959322
77	relu	10	100	normal	0.01	sparse_categorical_crossentropy	10	adamax	0.7331068222966987	0.02538348855058349
78	relu	10	100	normal	0.01	sparse_categorical_crossentropy	50	adam	0.8331977348896336	0.025707070214124973
79	relu	10	100	normal	0.01	sparse_categorical_crossentropy	50	sgd	0.8131908008783082	0.023541938314371746
80	relu	10	100	normal	0.01	sparse_categorical_crossentropy	50	rmsprop	0.8292854116106166	0.012251202171583734
81	relu	10	100	normal	0.01	sparse_categorical_crossentropy	50	adagrad	0.2817797295735583	0.06224929373368647
82	relu	10	100	normal	0.01	sparse_categorical_crossentropy	50	nadam	0.8351623714318734	0.01576069806648581
83	relu	10	100	normal	0.01	sparse_categorical_crossentropy	50	adamax	0.8021973111444971	0.02069570002183646
84	relu	10	100	normal	0.01	sparse_categorical_crossentropy	100	adam	0.844188913286336	0.02625744695535501
85	relu	10	100	normal	0.01	sparse_categorical_crossentropy	100	sgd	0.8159366693632266	0.01398878130431794
86	relu	10	100	normal	0.01	sparse_categorical_crossentropy	100	rmsprop	0.8551600600947648	0.021762596763628884
87	relu	10	100	normal	0.01	sparse_categorical_crossentropy	100	adagrad	0.47552756269501906	0.22876920879019888
88	relu	10	100	normal	0.01	sparse_categorical_crossentropy	100	nadam	0.8469394044454717	0.011429290252034822
89	relu	10	100	normal	0.01	sparse_categorical_crossentropy	100	adamax	0.8233845679725722	0.015333843984591412
90	relu	10	100	normal	0.03	sparse_categorical_crossentropy	10	adam	0.765304518664047	0.017845694230695902
91	relu	10	100	normal	0.03	sparse_categorical_crossentropy	10	sgd	0.2861127162063254	0.028005058122318828
92	relu	10	100	normal	0.03	sparse_categorical_crossentropy	10	rmsprop	0.7696213259370546	0.010460636412871729
93	relu	10	100	normal	0.03	sparse_categorical_crossentropy	10	adagrad	0.26493624561809004	0.031517420591317985
94	relu	10	100	normal	0.03	sparse_categorical_crossentropy	10	nadam	0.7464748256866598	0.017154696614759216
95	relu	10	100	normal	0.03	sparse_categorical_crossentropy	10	adamax	0.7056288763049424	0.04429582485515209
96	relu	10	100	normal	0.03	sparse_categorical_crossentropy	50	adam	0.8386956354250934	0.01977354412377853
97	relu	10	100	normal	0.03	sparse_categorical_crossentropy	50	sgd	0.8190608266882393	0.02026566953069611
98	relu	10	100	normal	0.03	sparse_categorical_crossentropy	50	rmsprop	0.8280958434454332	0.022604867152864618
99	relu	10	100	normal	0.03	sparse_categorical_crossentropy	50	adagrad	0.31238722601024693	0.03864503810501684
100	relu	10	100	normal	0.03	sparse_categorical_crossentropy	50	nadam	0.8331954235525251	0.016110309878127026
101	relu	10	100	normal	0.03	sparse_categorical_crossentropy	50	adamax	0.8022019338187143	0.015771209391462274
102	relu	10	100	normal	0.03	sparse_categorical_crossentropy	100	adam	0.8524326823067145	0.005750573901442135
103	relu	10	100	normal	0.03	sparse_categorical_crossentropy	100	sgd	0.8269170615200894	0.02404876535250457
104	relu	10	100	normal	0.03	sparse_categorical_crossentropy	100	rmsprop	0.8536022188836242	0.01747765537197719
105	relu	10	100	normal	0.03	sparse_categorical_crossentropy	100	adagrad	0.4521530105165838	0.22984364277483516
106	relu	10	100	normal	0.03	sparse_categorical_crossentropy	100	nadam	0.846544936245618	0.029262351436972908
107	relu	10	100	normal	0.03	sparse_categorical_crossentropy	100	adamax	0.8190723833737819	0.01170119797953275
108	relu	10	100	normal	0.05	sparse_categorical_crossentropy	10	adam	0.76883855310297	0.01260370743002096
109	relu	10	100	normal	0.05	sparse_categorical_crossentropy	10	sgd	0.2861127162063254	0.028005058122318828
110	relu	10	100	normal	0.05	sparse_categorical_crossentropy	10	rmsprop	0.7735413536731	0.01883902374515591
111	relu	10	100	normal	0.05	sparse_categorical_crossentropy	10	adagrad	0.2747401671867175	0.04012642987053101
112	relu	10	100	normal	0.05	sparse_categorical_crossentropy	10	nadam	0.7680619438345083	0.015495452207807141
113	relu	10	100	normal	0.05	sparse_categorical_crossentropy	10	adamax	0.7009445664316807	0.013783503678939333
114	relu	10	100	normal	0.05	sparse_categorical_crossentropy	50	adam	0.8410524288300781	0.023599276117301348
115	relu	10	100	normal	0.05	sparse_categorical_crossentropy	50	sgd	0.8104341461535499	0.013310871052323906
116	relu	10	100	normal	0.05	sparse_categorical_crossentropy	50	rmsprop	0.8304464732847953	0.019055751877204544
117	relu	10	100	normal	0.05	sparse_categorical_crossentropy	50	adagrad	0.2861127162063254	0.028005058122318828
118	relu	10	100	normal	0.05	sparse_categorical_crossentropy	50	nadam	0.843010901806695	0.011808018693722718
119	relu	10	100	normal	0.05	sparse_categorical_crossentropy	50	adamax	0.7955267922493162	0.011587310091718551
120	relu	10	100	normal	0.05	sparse_categorical_crossentropy	100	adam	0.8575353441966177	0.009661925645939123
121	relu	10	100	normal	0.05	sparse_categorical_crossentropy	100	sgd	0.8277013752455795	0.016921447899781606
122	relu	10	100	normal	0.05	sparse_categorical_crossentropy	100	rmsprop	0.8469370931083633	0.015471244287982609
123	relu	10	100	normal	0.05	sparse_categorical_crossentropy	100	adagrad	0.5026349243037097	0.21064308342295726
124	relu	10	100	normal	0.05	sparse_categorical_crossentropy	100	nadam	0.8567363920027736	0.021023093235284753
125	relu	10	100	normal	0.05	sparse_categorical_crossentropy	100	adamax	0.8280973843368388	0.018877388289172944
126	relu	10	100	normal	0.07	sparse_categorical_crossentropy	10	adam	0.7664848414807967	0.00576141357145592
127	relu	10	100	normal	0.07	sparse_categorical_crossentropy	10	sgd	0.2861127162063254	0.028005058122318828
128	relu	10	100	normal	0.07	sparse_categorical_crossentropy	10	rmsprop	0.7755021379868254	0.020603602718439556
129	relu	10	100	normal	0.07	sparse_categorical_crossentropy	10	adagrad	0.28650487306907046	0.028534976017921824
130	relu	10	100	normal	0.07	sparse_categorical_crossentropy	10	nadam	0.7617774182364497	0.00972725531796729
131	relu	10	100	normal	0.07	sparse_categorical_crossentropy	10	adamax	0.7299888285373088	0.01677825459984471
132	relu	10	100	normal	0.07	sparse_categorical_crossentropy	50	adam	0.8418344312184599	0.0100905736955473
133	relu	10	100	normal	0.07	sparse_categorical_crossentropy	50	sgd	0.6998574675449747	0.22712196431240614
134	relu	10	100	normal	0.07	sparse_categorical_crossentropy	50	rmsprop	0.8198636311105976	0.0248914644033825
135	relu	10	100	normal	0.07	sparse_categorical_crossentropy	50	adagrad	0.37278323510150624	0.16423332955660278
136	relu	10	100	normal	0.07	sparse_categorical_crossentropy	50	nadam	0.8328109711468084	0.023640436043608236
137	relu	10	100	normal	0.07	sparse_categorical_crossentropy	50	adamax	0.8127886282214261	0.01335974828904867
138	relu	10	100	normal	0.07	sparse_categorical_crossentropy	100	adam	0.8520359027697524	0.014877452750182485
139	relu	10	100	normal	0.07	sparse_categorical_crossentropy	100	sgd	0.8096613891136023	0.02126709254554062
140	relu	10	100	normal	0.07	sparse_categorical_crossentropy	100	rmsprop	0.8465557224854579	0.016996763448742236
141	relu	10	100	normal	0.07	sparse_categorical_crossentropy	100	adagrad	0.5498085442428445	0.2359659942968213
142	relu	10	100	normal	0.07	sparse_categorical_crossentropy	100	nadam	0.8622404561038561	0.01179520264511824
143	relu	10	100	normal	0.07	sparse_categorical_crossentropy	100	adamax	0.8245718248006473	0.020402789519087618
144	relu	30	100	random_uniform	0.01	sparse_categorical_crossentropy	10	adam	0.7335236334219345	0.034953584314545885
145	relu	30	100	random_uniform	0.01	sparse_categorical_crossentropy	10	sgd	0.2861127162063254	0.028005058122318828
146	relu	30	100	random_uniform	0.01	sparse_categorical_crossentropy	10	rmsprop	0.741355213991294	0.02532723701281713
147	relu	30	100	random_uniform	0.01	sparse_categorical_crossentropy	10	adagrad	0.2861127162063254	0.028005058122318828
148	relu	30	100	random_uniform	0.01	sparse_categorical_crossentropy	10	nadam	0.6644246696714049	0.09540240450921739
149	relu	30	100	random_uniform	0.01	sparse_categorical_crossentropy	10	adamax	0.6247112754728611	0.11204173796900155
150	relu	30	100	random_uniform	0.01	sparse_categorical_crossentropy	50	adam	0.8088678300396781	0.009201005348483846
151	relu	30	100	random_uniform	0.01	sparse_categorical_crossentropy	50	sgd	0.2861127162063254	0.028005058122318828
152	relu	30	100	random_uniform	0.01	sparse_categorical_crossentropy	50	rmsprop	0.8108394005932432	0.02057900283547658
153	relu	30	100	random_uniform	0.01	sparse_categorical_crossentropy	50	adagrad	0.2861127162063254	0.028005058122318828
154	relu	30	100	random_uniform	0.01	sparse_categorical_crossentropy	50	nadam	0.8179020763511691	0.015552477790848908
155	relu	30	100	random_uniform	0.01	sparse_categorical_crossentropy	50	adamax	0.7900335143880735	0.009486869138579417
156	relu	30	100	random_uniform	0.01	sparse_categorical_crossentropy	100	adam	0.8453738587773026	0.023941437956706668
157	relu	30	100	random_uniform	0.01	sparse_categorical_crossentropy	100	sgd	0.2861127162063254	0.028005058122318828
158	relu	30	100	random_uniform	0.01	sparse_categorical_crossentropy	100	rmsprop	0.8430055086867754	0.01797725245391569
159	relu	30	100	random_uniform	0.01	sparse_categorical_crossentropy	100	adagrad	0.2861127162063254	0.028005058122318828
160	relu	30	100	random_uniform	0.01	sparse_categorical_crossentropy	100	nadam	0.8339936053006664	0.01606176940526897
161	relu	30	100	random_uniform	0.01	sparse_categorical_crossentropy	100	adamax	0.803375322624138	0.01105974803741973
162	relu	30	100	random_uniform	0.03	sparse_categorical_crossentropy	10	adam	0.734690088216033	0.022438886395794902
163	relu	30	100	random_uniform	0.03	sparse_categorical_crossentropy	10	sgd	0.2861127162063254	0.028005058122318828
164	relu	30	100	random_uniform	0.03	sparse_categorical_crossentropy	10	rmsprop	0.7401687276089217	0.022759677761041586
165	relu	30	100	random_uniform	0.03	sparse_categorical_crossentropy	10	adagrad	0.2861127162063254	0.028005058122318828
166	relu	30	100	random_uniform	0.03	sparse_categorical_crossentropy	10	nadam	0.7413713933510536	0.0180989061036085
167	relu	30	100	random_uniform	0.03	sparse_categorical_crossentropy	10	adamax	0.5052105242883008	0.20448361527841638
168	relu	30	100	random_uniform	0.03	sparse_categorical_crossentropy	50	adam	0.8284880003081783	0.02692310028622695
169	relu	30	100	random_uniform	0.03	sparse_categorical_crossentropy	50	sgd	0.2861127162063254	0.028005058122318828
170	relu	30	100	random_uniform	0.03	sparse_categorical_crossentropy	50	rmsprop	0.8135852690781619	0.02097783724660778
171	relu	30	100	random_uniform	0.03	sparse_categorical_crossentropy	50	adagrad	0.2861127162063254	0.028005058122318828
172	relu	30	100	random_uniform	0.03	sparse_categorical_crossentropy	50	nadam	0.8178897492199237	0.02092395838412777
173	relu	30	100	random_uniform	0.03	sparse_categorical_crossentropy	50	adamax	0.7955237104665048	0.006322033042064118
174	relu	30	100	random_uniform	0.03	sparse_categorical_crossentropy	100	adam	0.8394822604876921	0.010183875743426093
175	relu	30	100	random_uniform	0.03	sparse_categorical_crossentropy	100	sgd	0.2861127162063254	0.028005058122318828
176	relu	30	100	random_uniform	0.03	sparse_categorical_crossentropy	100	rmsprop	0.8347694441234254	0.016001791940510716
177	relu	30	100	random_uniform	0.03	sparse_categorical_crossentropy	100	adagrad	0.2861127162063254	0.028005058122318828
178	relu	30	100	random_uniform	0.03	sparse_categorical_crossentropy	100	nadam	0.8331931122154167	0.02412374484987532
179	relu	30	100	random_uniform	0.03	sparse_categorical_crossentropy	100	adamax	0.8065148888632073	0.014868380159559961
180	relu	30	100	random_uniform	0.05	sparse_categorical_crossentropy	10	adam	0.7111414153087561	0.024964226453825646
181	relu	30	100	random_uniform	0.05	sparse_categorical_crossentropy	10	sgd	0.2861127162063254	0.028005058122318828
182	relu	30	100	random_uniform	0.05	sparse_categorical_crossentropy	10	rmsprop	0.7315744057937517	0.025603532763278876
183	relu	30	100	random_uniform	0.05	sparse_categorical_crossentropy	10	adagrad	0.2707885511768558	0.04541678422399693
184	relu	30	100	random_uniform	0.05	sparse_categorical_crossentropy	10	nadam	0.7021657228706808	0.10655071357935467
185	relu	30	100	random_uniform	0.05	sparse_categorical_crossentropy	10	adamax	0.5915243268230672	0.16210582422601638
186	relu	30	100	random_uniform	0.05	sparse_categorical_crossentropy	50	adam	0.8292715435879657	0.010113721940784153
187	relu	30	100	random_uniform	0.05	sparse_categorical_crossentropy	50	sgd	0.2861127162063254	0.028005058122318828
188	relu	30	100	random_uniform	0.05	sparse_categorical_crossentropy	50	rmsprop	0.815939751146038	0.01525518764396429
189	relu	30	100	random_uniform	0.05	sparse_categorical_crossentropy	50	adagrad	0.26960976925151203	0.031729941858298624
190	relu	30	100	random_uniform	0.05	sparse_categorical_crossentropy	50	nadam	0.8280981547825418	0.01574740657898751
191	relu	30	100	random_uniform	0.05	sparse_categorical_crossentropy	50	adamax	0.7919958395932046	0.013285053399783229
192	relu	30	100	random_uniform	0.05	sparse_categorical_crossentropy	100	adam	0.8434061404522517	0.018999561317230525
193	relu	30	100	random_uniform	0.05	sparse_categorical_crossentropy	100	sgd	0.2861127162063254	0.028005058122318828
194	relu	30	100	random_uniform	0.05	sparse_categorical_crossentropy	100	rmsprop	0.837136253322547	0.014206355551562725
195	relu	30	100	random_uniform	0.05	sparse_categorical_crossentropy	100	adagrad	0.2861127162063254	0.028005058122318828
196	relu	30	100	random_uniform	0.05	sparse_categorical_crossentropy	100	nadam	0.8500728071189183	0.008295798782084899
197	relu	30	100	random_uniform	0.05	sparse_categorical_crossentropy	100	adamax	0.8092676913594514	0.015594859113203121
198	relu	30	100	random_uniform	0.07	sparse_categorical_crossentropy	10	adam	0.7099780422974691	0.02062687064216237
199	relu	30	100	random_uniform	0.07	sparse_categorical_crossentropy	10	sgd	0.2861127162063254	0.028005058122318828
200	relu	30	100	random_uniform	0.07	sparse_categorical_crossentropy	10	rmsprop	0.7217404368427135	0.012973234470761302
201	relu	30	100	random_uniform	0.07	sparse_categorical_crossentropy	10	adagrad	0.2861127162063254	0.028005058122318828
202	relu	30	100	random_uniform	0.07	sparse_categorical_crossentropy	10	nadam	0.6880033899610924	0.024805450733743233
203	relu	30	100	random_uniform	0.07	sparse_categorical_crossentropy	10	adamax	0.5364143456989868	0.11923082126870753
204	relu	30	100	random_uniform	0.07	sparse_categorical_crossentropy	50	adam	0.8284933934280982	0.01847540419527343
205	relu	30	100	random_uniform	0.07	sparse_categorical_crossentropy	50	sgd	0.2861127162063254	0.028005058122318828
206	relu	30	100	random_uniform	0.07	sparse_categorical_crossentropy	50	rmsprop	0.8057197888978773	0.015289312677585357
207	relu	30	100	random_uniform	0.07	sparse_categorical_crossentropy	50	adagrad	0.2861127162063254	0.028005058122318828
208	relu	30	100	random_uniform	0.07	sparse_categorical_crossentropy	50	nadam	0.8190770060479988	0.009985262962795597
209	relu	30	100	random_uniform	0.07	sparse_categorical_crossentropy	50	adamax	0.7888539620170268	0.005207380096619783
210	relu	30	100	random_uniform	0.07	sparse_categorical_crossentropy	100	adam	0.8222111791671483	0.027821544111797446
211	relu	30	100	random_uniform	0.07	sparse_categorical_crossentropy	100	sgd	0.2861127162063254	0.028005058122318828
212	relu	30	100	random_uniform	0.07	sparse_categorical_crossentropy	100	rmsprop	0.8422150313956625	0.02014340472778476
213	relu	30	100	random_uniform	0.07	sparse_categorical_crossentropy	100	adagrad	0.2861127162063254	0.028005058122318828
214	relu	30	100	random_uniform	0.07	sparse_categorical_crossentropy	100	nadam	0.8441750452636851	0.02467039463156251
215	relu	30	100	random_uniform	0.07	sparse_categorical_crossentropy	100	adamax	0.8214230132131439	0.01610591881313474
216	relu	30	100	normal	0.01	sparse_categorical_crossentropy	10	adam	0.7421526252937325	0.027786761098302516
217	relu	30	100	normal	0.01	sparse_categorical_crossentropy	10	sgd	0.2861127162063254	0.028005058122318828
218	relu	30	100	normal	0.01	sparse_categorical_crossentropy	10	rmsprop	0.7323371470395623	0.02110347084998043
219	relu	30	100	normal	0.01	sparse_categorical_crossentropy	10	adagrad	0.2861127162063254	0.028005058122318828
220	relu	30	100	normal	0.01	sparse_categorical_crossentropy	10	nadam	0.7402003158827382	0.025563617788148946
221	relu	30	100	normal	0.01	sparse_categorical_crossentropy	10	adamax	0.6024507877807311	0.10279040085797078
222	relu	30	100	normal	0.01	sparse_categorical_crossentropy	50	adam	0.8245664316807273	0.020442131081234452
223	relu	30	100	normal	0.01	sparse_categorical_crossentropy	50	sgd	0.2861127162063254	0.028005058122318828
224	relu	30	100	normal	0.01	sparse_categorical_crossentropy	50	rmsprop	0.8186848491852536	0.00699678244853307
225	relu	30	100	normal	0.01	sparse_categorical_crossentropy	50	adagrad	0.3022227358526908	0.036108629343927334
226	relu	30	100	normal	0.01	sparse_categorical_crossentropy	50	nadam	0.830055086867753	0.027303132496498964
227	relu	30	100	normal	0.01	sparse_categorical_crossentropy	50	adamax	0.804161177241034	0.010544880229020772
228	relu	30	100	normal	0.01	sparse_categorical_crossentropy	100	adam	0.8390916445163527	0.016391346382439862
229	relu	30	100	normal	0.01	sparse_categorical_crossentropy	100	sgd	0.48946030278516117	0.2606511734105444
230	relu	30	100	normal	0.01	sparse_categorical_crossentropy	100	rmsprop	0.8543865326091143	0.016788408998584838
231	relu	30	100	normal	0.01	sparse_categorical_crossentropy	100	adagrad	0.31200893717015293	0.05345067495860992
232	relu	30	100	normal	0.01	sparse_categorical_crossentropy	100	nadam	0.8477214068338533	0.01159137774726653
233	relu	30	100	normal	0.01	sparse_categorical_crossentropy	100	adamax	0.8186771447282253	0.012130886832279801
234	relu	30	100	normal	0.03	sparse_categorical_crossentropy	10	adam	0.7680511575946685	0.013780121627981283
235	relu	30	100	normal	0.03	sparse_categorical_crossentropy	10	sgd	0.2861127162063254	0.028005058122318828
236	relu	30	100	normal	0.03	sparse_categorical_crossentropy	10	rmsprop	0.7264494009784661	0.0230883768964916
237	relu	30	100	normal	0.03	sparse_categorical_crossentropy	10	adagrad	0.2861127162063254	0.028005058122318828
238	relu	30	100	normal	0.03	sparse_categorical_crossentropy	10	nadam	0.7303717400516199	0.031785799409247785
239	relu	30	100	normal	0.03	sparse_categorical_crossentropy	10	adamax	0.6358426749874803	0.05667242113921138
240	relu	30	100	normal	0.03	sparse_categorical_crossentropy	50	adam	0.8245672021264301	0.019183921261491533
241	relu	30	100	normal	0.03	sparse_categorical_crossentropy	50	sgd	0.2861127162063254	0.028005058122318828
242	relu	30	100	normal	0.03	sparse_categorical_crossentropy	50	rmsprop	0.8206348472591394	0.02274580359598541
243	relu	30	100	normal	0.03	sparse_categorical_crossentropy	50	adagrad	0.29161369852459645	0.02896871140083702
244	relu	30	100	normal	0.03	sparse_categorical_crossentropy	50	nadam	0.8308316961362147	0.026178085750810893
245	relu	30	100	normal	0.03	sparse_categorical_crossentropy	50	adamax	0.8022042451558227	0.01636872056068121
246	relu	30	100	normal	0.03	sparse_categorical_crossentropy	100	adam	0.8465487884741323	0.01687903984138985
247	relu	30	100	normal	0.03	sparse_categorical_crossentropy	100	sgd	0.2861127162063254	0.028005058122318828
248	relu	30	100	normal	0.03	sparse_categorical_crossentropy	100	rmsprop	0.8508548095073	0.0195768502980247
249	relu	30	100	normal	0.03	sparse_categorical_crossentropy	100	adagrad	0.28650487306907046	0.028534976017921824
250	relu	30	100	normal	0.03	sparse_categorical_crossentropy	100	nadam	0.8594838013790979	0.018253264343666593
251	relu	30	100	normal	0.03	sparse_categorical_crossentropy	100	adamax	0.8265349204514812	0.015913416654812808
252	relu	30	100	normal	0.05	sparse_categorical_crossentropy	10	adam	0.752736237913633	0.01854843307699001
253	relu	30	100	normal	0.05	sparse_categorical_crossentropy	10	sgd	0.2861127162063254	0.028005058122318828
254	relu	30	100	normal	0.05	sparse_categorical_crossentropy	10	rmsprop	0.7566655109981124	0.01864513770430137
255	relu	30	100	normal	0.05	sparse_categorical_crossentropy	10	adagrad	0.24058862051696903	0.027498754307243422
256	relu	30	100	normal	0.05	sparse_categorical_crossentropy	10	nadam	0.7441103278246466	0.017666487057612
257	relu	30	100	normal	0.05	sparse_categorical_crossentropy	10	adamax	0.7190130590546631	0.037376550887255465
258	relu	30	100	normal	0.05	sparse_categorical_crossentropy	50	adam	0.8182865287568859	0.013037718842255061
259	relu	30	100	normal	0.05	sparse_categorical_crossentropy	50	sgd	0.2861127162063254	0.028005058122318828
260	relu	30	100	normal	0.05	sparse_categorical_crossentropy	50	rmsprop	0.822992411109827	0.019552663278304412
261	relu	30	100	normal	0.05	sparse_categorical_crossentropy	50	adagrad	0.2939558534612273	0.04021530860518041
262	relu	30	100	normal	0.05	sparse_categorical_crossentropy	50	nadam	0.8296575368850879	0.01526379785296287
263	relu	30	100	normal	0.05	sparse_categorical_crossentropy	50	adamax	0.794345698986864	0.01254312588461246
264	relu	30	100	normal	0.05	sparse_categorical_crossentropy	100	adam	0.8461489271543587	0.018528018019931862
265	relu	30	100	normal	0.05	sparse_categorical_crossentropy	100	sgd	0.39160291228475674	0.20599838622584782
266	relu	30	100	normal	0.05	sparse_categorical_crossentropy	100	rmsprop	0.8457606225201278	0.014771368504706978
267	relu	30	100	normal	0.05	sparse_categorical_crossentropy	100	adagrad	0.368221426094996	0.1648755838483084
268	relu	30	100	normal	0.05	sparse_categorical_crossentropy	100	nadam	0.853602989329327	0.013374300392616502
269	relu	30	100	normal	0.05	sparse_categorical_crossentropy	100	adamax	0.812008937170153	0.018002883518009005
270	relu	30	100	normal	0.07	sparse_categorical_crossentropy	10	adam	0.7394183134943566	0.026239329422153623
271	relu	30	100	normal	0.07	sparse_categorical_crossentropy	10	sgd	0.2861127162063254	0.028005058122318828
272	relu	30	100	normal	0.07	sparse_categorical_crossentropy	10	rmsprop	0.7492214646172811	0.037954294679477266
273	relu	30	100	normal	0.07	sparse_categorical_crossentropy	10	adagrad	0.2861127162063254	0.028005058122318828
274	relu	30	100	normal	0.07	sparse_categorical_crossentropy	10	nadam	0.7382256635463615	0.027645748788427085
275	relu	30	100	normal	0.07	sparse_categorical_crossentropy	10	adamax	0.501139489194499	0.1969407880551345
276	relu	30	100	normal	0.07	sparse_categorical_crossentropy	50	adam	0.8253438113948921	0.015563851045936801
277	relu	30	100	normal	0.07	sparse_categorical_crossentropy	50	sgd	0.2861127162063254	0.028005058122318828
278	relu	30	100	normal	0.07	sparse_categorical_crossentropy	50	rmsprop	0.8159328171347123	0.01896859022300423
279	relu	30	100	normal	0.07	sparse_categorical_crossentropy	50	adagrad	0.2868978003775184	0.02889972870840067
280	relu	30	100	normal	0.07	sparse_categorical_crossentropy	50	nadam	0.8292684618051542	0.016321103366104126
281	relu	30	100	normal	0.07	sparse_categorical_crossentropy	50	adamax	0.8006248314650026	0.015276634806961979
282	relu	30	100	normal	0.07	sparse_categorical_crossentropy	100	adam	0.8500689548904041	0.01460552140488151
283	relu	30	100	normal	0.07	sparse_categorical_crossentropy	100	sgd	0.4913972032820987	0.2468910583332058
284	relu	30	100	normal	0.07	sparse_categorical_crossentropy	100	rmsprop	0.8492900342848339	0.01647867542518801
285	relu	30	100	normal	0.07	sparse_categorical_crossentropy	100	adagrad	0.28846719827420164	0.029439355103902328
286	relu	30	100	normal	0.07	sparse_categorical_crossentropy	100	nadam	0.850466504873069	0.0072627769800570965
287	relu	30	100	normal	0.07	sparse_categorical_crossentropy	100	adamax	0.809260757348126	0.01621287740159017
288	elu	10	100	random_uniform	0.01	sparse_categorical_crossentropy	10	adam	0.782178820447629	0.014992978372873063
289	elu	10	100	random_uniform	0.01	sparse_categorical_crossentropy	10	sgd	0.2861127162063254	0.028005058122318828
290	elu	10	100	random_uniform	0.01	sparse_categorical_crossentropy	10	rmsprop	0.7633375707846989	0.006965034716454364
291	elu	10	100	random_uniform	0.01	sparse_categorical_crossentropy	10	adagrad	0.26960976925151203	0.031729941858298624
292	elu	10	100	random_uniform	0.01	sparse_categorical_crossentropy	10	nadam	0.7535351901074772	0.017528246670966342
293	elu	10	100	random_uniform	0.01	sparse_categorical_crossentropy	10	adamax	0.7280041604067954	0.029384810984153492
294	elu	10	100	random_uniform	0.01	sparse_categorical_crossentropy	50	adam	0.8014145383104125	0.01203253116602818
295	elu	10	100	random_uniform	0.01	sparse_categorical_crossentropy	50	sgd	0.7829669864016334	0.006635803978478099
296	elu	10	100	random_uniform	0.01	sparse_categorical_crossentropy	50	rmsprop	0.7951377171693824	0.012381760093037614
297	elu	10	100	random_uniform	0.01	sparse_categorical_crossentropy	50	adagrad	0.36705574174660044	0.1767575515607798
298	elu	10	100	random_uniform	0.01	sparse_categorical_crossentropy	50	nadam	0.8229877884356099	0.023369122888281583
299	elu	10	100	random_uniform	0.01	sparse_categorical_crossentropy	50	adamax	0.7959181786663585	0.011303915865722656
300	elu	10	100	random_uniform	0.01	sparse_categorical_crossentropy	100	adam	0.8237736430525059	0.01423672248372626
301	elu	10	100	random_uniform	0.01	sparse_categorical_crossentropy	100	sgd	0.7935644670441852	0.01679521510060802
302	elu	10	100	random_uniform	0.01	sparse_categorical_crossentropy	100	rmsprop	0.8002134134596866	0.02740554700047104
303	elu	10	100	random_uniform	0.01	sparse_categorical_crossentropy	100	adagrad	0.7594075272545167	0.01410800499595797
304	elu	10	100	random_uniform	0.01	sparse_categorical_crossentropy	100	nadam	0.8069162910743864	0.019907384682343435
305	elu	10	100	random_uniform	0.01	sparse_categorical_crossentropy	100	adamax	0.7971015832659194	0.012227319587067029
306	elu	10	100	random_uniform	0.03	sparse_categorical_crossentropy	10	adam	0.7597973727801534	0.017339728491214595
307	elu	10	100	random_uniform	0.03	sparse_categorical_crossentropy	10	sgd	0.2861127162063254	0.028005058122318828
308	elu	10	100	random_uniform	0.03	sparse_categorical_crossentropy	10	rmsprop	0.7515674717824261	0.02391069923593187
309	elu	10	100	random_uniform	0.03	sparse_categorical_crossentropy	10	adagrad	0.2861127162063254	0.028005058122318828
310	elu	10	100	random_uniform	0.03	sparse_categorical_crossentropy	10	nadam	0.748814669286182	0.020419658726558768
311	elu	10	100	random_uniform	0.03	sparse_categorical_crossentropy	10	adamax	0.7197680958434455	0.024052105049584455
312	elu	10	100	random_uniform	0.03	sparse_categorical_crossentropy	50	adam	0.8029800839785816	0.01836370910418721
313	elu	10	100	random_uniform	0.03	sparse_categorical_crossentropy	50	sgd	0.7971054354944336	0.020500497483211505
314	elu	10	100	random_uniform	0.03	sparse_categorical_crossentropy	50	rmsprop	0.8065156593089103	0.021513568640113653
315	elu	10	100	random_uniform	0.03	sparse_categorical_crossentropy	50	adagrad	0.4278130898724912	0.20035463316457713
316	elu	10	100	random_uniform	0.03	sparse_categorical_crossentropy	50	nadam	0.8021988520359029	0.022230851215636737
317	elu	10	100	random_uniform	0.03	sparse_categorical_crossentropy	50	adamax	0.7963095650834009	0.010576413034941784
318	elu	10	100	random_uniform	0.03	sparse_categorical_crossentropy	100	adam	0.8229962633383412	0.010945014836754662
319	elu	10	100	random_uniform	0.03	sparse_categorical_crossentropy	100	sgd	0.7912092145306061	0.016677170084351742
320	elu	10	100	random_uniform	0.03	sparse_categorical_crossentropy	100	rmsprop	0.8198435995223237	0.016789685511967772
321	elu	10	100	random_uniform	0.03	sparse_categorical_crossentropy	100	adagrad	0.7433298663276705	0.00592475250177912
322	elu	10	100	random_uniform	0.03	sparse_categorical_crossentropy	100	nadam	0.8218043838360491	0.028232728581720015
323	elu	10	100	random_uniform	0.03	sparse_categorical_crossentropy	100	adamax	0.7959189491120613	0.007113201693248068
324	elu	10	100	random_uniform	0.05	sparse_categorical_crossentropy	10	adam	0.7653076004468584	0.006811406886616336
325	elu	10	100	random_uniform	0.05	sparse_categorical_crossentropy	10	sgd	0.2861127162063254	0.028005058122318828
326	elu	10	100	random_uniform	0.05	sparse_categorical_crossentropy	10	rmsprop	0.7656966755267922	0.02603659777085991
327	elu	10	100	random_uniform	0.05	sparse_categorical_crossentropy	10	adagrad	0.2861127162063254	0.028005058122318828
328	elu	10	100	random_uniform	0.05	sparse_categorical_crossentropy	10	nadam	0.7484225124234369	0.024618147640378157
329	elu	10	100	random_uniform	0.05	sparse_categorical_crossentropy	10	adamax	0.7374344158095457	0.017050486762730774
330	elu	10	100	random_uniform	0.05	sparse_categorical_crossentropy	50	adam	0.8002334450479601	0.01493818871957449
331	elu	10	100	random_uniform	0.05	sparse_categorical_crossentropy	50	sgd	0.7880711891829424	0.01580575801962309
332	elu	10	100	random_uniform	0.05	sparse_categorical_crossentropy	50	rmsprop	0.7951407989521939	0.013518107693019237
333	elu	10	100	random_uniform	0.05	sparse_categorical_crossentropy	50	adagrad	0.2880735005200509	0.02732162172861252
334	elu	10	100	random_uniform	0.05	sparse_categorical_crossentropy	50	nadam	0.8045433183096421	0.014575959323296212
335	elu	10	100	random_uniform	0.05	sparse_categorical_crossentropy	50	adamax	0.7912061327477946	0.009230636110408462
336	elu	10	100	random_uniform	0.05	sparse_categorical_crossentropy	100	adam	0.8010231518933703	0.026024572291698682
337	elu	10	100	random_uniform	0.05	sparse_categorical_crossentropy	100	sgd	0.7967086559574714	0.012911513477760513
338	elu	10	100	random_uniform	0.05	sparse_categorical_crossentropy	100	rmsprop	0.8214122269733041	0.020796161295637303
339	elu	10	100	random_uniform	0.05	sparse_categorical_crossentropy	100	adagrad	0.7582333680033899	0.013816122133926622
340	elu	10	100	random_uniform	0.05	sparse_categorical_crossentropy	100	nadam	0.818678685619631	0.015409526818587836
341	elu	10	100	random_uniform	0.05	sparse_categorical_crossentropy	100	adamax	0.7998466813051351	0.011709970604221697
342	elu	10	100	random_uniform	0.07	sparse_categorical_crossentropy	10	adam	0.7778643245117299	0.011474311870639325
343	elu	10	100	random_uniform	0.07	sparse_categorical_crossentropy	10	sgd	0.2861127162063254	0.028005058122318828
344	elu	10	100	random_uniform	0.07	sparse_categorical_crossentropy	10	rmsprop	0.7464748256866598	0.02466446295974398
345	elu	10	100	random_uniform	0.07	sparse_categorical_crossentropy	10	adagrad	0.2861127162063254	0.028005058122318828
346	elu	10	100	random_uniform	0.07	sparse_categorical_crossentropy	10	nadam	0.7766847721406834	0.004507460040731931
347	elu	10	100	random_uniform	0.07	sparse_categorical_crossentropy	10	adamax	0.7236919758080049	0.023428440217534537
348	elu	10	100	random_uniform	0.07	sparse_categorical_crossentropy	50	adam	0.8025987133556762	0.021731891838515066
349	elu	10	100	random_uniform	0.07	sparse_categorical_crossentropy	50	sgd	0.7861104048692168	0.01526393477884446
350	elu	10	100	random_uniform	0.07	sparse_categorical_crossentropy	50	rmsprop	0.7955175469008822	0.01552450760057685
351	elu	10	100	random_uniform	0.07	sparse_categorical_crossentropy	50	adagrad	0.4674440463808313	0.21649306151403894
352	elu	10	100	random_uniform	0.07	sparse_categorical_crossentropy	50	nadam	0.8029854770985014	0.005246108433960683
353	elu	10	100	random_uniform	0.07	sparse_categorical_crossentropy	50	adamax	0.7892438075426634	0.008708423950941803
354	elu	10	100	random_uniform	0.07	sparse_categorical_crossentropy	100	adam	0.8202488539620172	0.03298433692451868
355	elu	10	100	random_uniform	0.07	sparse_categorical_crossentropy	100	sgd	0.7915990600562427	0.009452107657846364
356	elu	10	100	random_uniform	0.07	sparse_categorical_crossentropy	100	rmsprop	0.8155383489348589	0.015774807112089832
357	elu	10	100	random_uniform	0.07	sparse_categorical_crossentropy	100	adagrad	0.7601895296428984	0.019542046357993642
358	elu	10	100	random_uniform	0.07	sparse_categorical_crossentropy	100	nadam	0.8328048075811857	0.010866844378696717
359	elu	10	100	random_uniform	0.07	sparse_categorical_crossentropy	100	adamax	0.7927855464386148	0.014679278826006234
360	elu	10	100	normal	0.01	sparse_categorical_crossentropy	10	adam	0.7719711853307138	0.013895265176929805
361	elu	10	100	normal	0.01	sparse_categorical_crossentropy	10	sgd	0.5711938056165492	0.25449403938742493
362	elu	10	100	normal	0.01	sparse_categorical_crossentropy	10	rmsprop	0.7598027659000731	0.012614423850504382
363	elu	10	100	normal	0.01	sparse_categorical_crossentropy	10	adagrad	0.2951500443006279	0.030182871057452095
364	elu	10	100	normal	0.01	sparse_categorical_crossentropy	10	nadam	0.7656943641896836	0.010231729411734758
365	elu	10	100	normal	0.01	sparse_categorical_crossentropy	10	adamax	0.7217103894603027	0.05059183818839531
366	elu	10	100	normal	0.01	sparse_categorical_crossentropy	50	adam	0.8108201394506722	0.01596472206485596
367	elu	10	100	normal	0.01	sparse_categorical_crossentropy	50	sgd	0.7904310643707385	0.0151248574040095
368	elu	10	100	normal	0.01	sparse_categorical_crossentropy	50	rmsprop	0.7939489194499019	0.01828830894027382
369	elu	10	100	normal	0.01	sparse_categorical_crossentropy	50	adagrad	0.738611656843484	0.020219731560085896
370	elu	10	100	normal	0.01	sparse_categorical_crossentropy	50	nadam	0.8100419892908048	0.019764048772568387
371	elu	10	100	normal	0.01	sparse_categorical_crossentropy	50	adamax	0.7939558534612274	0.017016049734688725
372	elu	10	100	normal	0.01	sparse_categorical_crossentropy	100	adam	0.8190677606995648	0.017719820614911248
373	elu	10	100	normal	0.01	sparse_categorical_crossentropy	100	sgd	0.7982695789514234	0.011327260939188654
374	elu	10	100	normal	0.01	sparse_categorical_crossentropy	100	rmsprop	0.8175045263685042	0.014639496862824139
375	elu	10	100	normal	0.01	sparse_categorical_crossentropy	100	adagrad	0.7696143919257291	0.011721846988109465
376	elu	10	100	normal	0.01	sparse_categorical_crossentropy	100	nadam	0.816710196848877	0.016254654557195932
377	elu	10	100	normal	0.01	sparse_categorical_crossentropy	100	adamax	0.7947455603066376	0.014958946267386699
378	elu	10	100	normal	0.03	sparse_categorical_crossentropy	10	adam	0.7707931738510727	0.013108026006225482
379	elu	10	100	normal	0.03	sparse_categorical_crossentropy	10	sgd	0.5792357178627836	0.23515928361498717
380	elu	10	100	normal	0.03	sparse_categorical_crossentropy	10	rmsprop	0.7602026272198467	0.02108696630319599
381	elu	10	100	normal	0.03	sparse_categorical_crossentropy	10	adagrad	0.294364189683732	0.03560544617981309
382	elu	10	100	normal	0.03	sparse_categorical_crossentropy	10	nadam	0.7731599830501945	0.01223001140522665
383	elu	10	100	normal	0.03	sparse_categorical_crossentropy	10	adamax	0.7354720906044147	0.015832182934512926
384	elu	10	100	normal	0.03	sparse_categorical_crossentropy	50	adam	0.8041557841211141	0.02142628994747424
385	elu	10	100	normal	0.03	sparse_categorical_crossentropy	50	sgd	0.7947409376324204	0.017673374099911314
386	elu	10	100	normal	0.03	sparse_categorical_crossentropy	50	rmsprop	0.8061219615547595	0.0071844408386198405
387	elu	10	100	normal	0.03	sparse_categorical_crossentropy	50	adagrad	0.7221325937054587	0.01527664067419372
388	elu	10	100	normal	0.03	sparse_categorical_crossentropy	50	nadam	0.8096552255479796	0.013581935889716231
389	elu	10	100	normal	0.03	sparse_categorical_crossentropy	50	adamax	0.7908147463307523	0.010898021488965235
390	elu	10	100	normal	0.03	sparse_categorical_crossentropy	100	adam	0.8277075388112023	0.013892697037799422
391	elu	10	100	normal	0.03	sparse_categorical_crossentropy	100	sgd	0.7919973804846103	0.014477562361311126
392	elu	10	100	normal	0.03	sparse_categorical_crossentropy	100	rmsprop	0.8116083054046767	0.012355465433457372
393	elu	10	100	normal	0.03	sparse_categorical_crossentropy	100	adagrad	0.7637258754189299	0.017423718674087395
394	elu	10	100	normal	0.03	sparse_categorical_crossentropy	100	nadam	0.8163234331060518	0.029206843068283014
395	elu	10	100	normal	0.03	sparse_categorical_crossentropy	100	adamax	0.7963118764205094	0.008959658003618446
396	elu	10	100	normal	0.05	sparse_categorical_crossentropy	10	adam	0.7806117338880542	0.012870262604911533
397	elu	10	100	normal	0.05	sparse_categorical_crossentropy	10	sgd	0.561580184136523	0.24566737500777208
398	elu	10	100	normal	0.05	sparse_categorical_crossentropy	10	rmsprop	0.7586193613005123	0.018930854635205007
399	elu	10	100	normal	0.05	sparse_categorical_crossentropy	10	adagrad	0.2865056435147733	0.028382052811440104
400	elu	10	100	normal	0.05	sparse_categorical_crossentropy	10	nadam	0.7802141839053893	0.011681949476420466
401	elu	10	100	normal	0.05	sparse_categorical_crossentropy	10	adamax	0.7323409992680766	0.013932233309656133
402	elu	10	100	normal	0.05	sparse_categorical_crossentropy	50	adam	0.8198513039793521	0.026122588140815715
403	elu	10	100	normal	0.05	sparse_categorical_crossentropy	50	sgd	0.7974898879001502	0.015045483872772426
404	elu	10	100	normal	0.05	sparse_categorical_crossentropy	50	rmsprop	0.8002326746022576	0.01570588640251001
405	elu	10	100	normal	0.05	sparse_categorical_crossentropy	50	adagrad	0.725272159944528	0.015287077476784304
406	elu	10	100	normal	0.05	sparse_categorical_crossentropy	50	nadam	0.8292692322508571	0.015248045627788266
407	elu	10	100	normal	0.05	sparse_categorical_crossentropy	50	adamax	0.7994491313224701	0.014833015173070334
408	elu	10	100	normal	0.05	sparse_categorical_crossentropy	100	adam	0.8257375091490428	0.021792668871632306
409	elu	10	100	normal	0.05	sparse_categorical_crossentropy	100	sgd	0.7884625755999847	0.005695080228652531
410	elu	10	100	normal	0.05	sparse_categorical_crossentropy	100	rmsprop	0.8167194421973111	0.017749903990452388
411	elu	10	100	normal	0.05	sparse_categorical_crossentropy	100	adagrad	0.767655918949112	0.011376762515990502
412	elu	10	100	normal	0.05	sparse_categorical_crossentropy	100	nadam	0.8206363881505452	0.014002696665089312
413	elu	10	100	normal	0.05	sparse_categorical_crossentropy	100	adamax	0.7943495512153782	0.01420667602486838
414	elu	10	100	normal	0.07	sparse_categorical_crossentropy	10	adam	0.76883855310297	0.00972198241447287
415	elu	10	100	normal	0.07	sparse_categorical_crossentropy	10	sgd	0.5639377479872106	0.24746276864738428
416	elu	10	100	normal	0.07	sparse_categorical_crossentropy	10	rmsprop	0.7594175430486537	0.0051311506814494924
417	elu	10	100	normal	0.07	sparse_categorical_crossentropy	10	adagrad	0.28807735274856505	0.02750001019198089
418	elu	10	100	normal	0.07	sparse_categorical_crossentropy	10	nadam	0.7739304287530338	0.024289879881639394
419	elu	10	100	normal	0.07	sparse_categorical_crossentropy	10	adamax	0.7323402288223738	0.01939480237897075
420	elu	10	100	normal	0.07	sparse_categorical_crossentropy	50	adam	0.8182695789514234	0.027834211336665294
421	elu	10	100	normal	0.07	sparse_categorical_crossentropy	50	sgd	0.7919973804846103	0.012161560364879316
422	elu	10	100	normal	0.07	sparse_categorical_crossentropy	50	rmsprop	0.7970969605917022	0.015458186486278776
423	elu	10	100	normal	0.07	sparse_categorical_crossentropy	50	adagrad	0.7221233483570246	0.02454189368381443
424	elu	10	100	normal	0.07	sparse_categorical_crossentropy	50	nadam	0.820641781270465	0.02480964384097956
425	elu	10	100	normal	0.07	sparse_categorical_crossentropy	50	adamax	0.7939635579182557	0.010231781740496134
426	elu	10	100	normal	0.07	sparse_categorical_crossentropy	100	adam	0.8229908702184213	0.01851368141435428
427	elu	10	100	normal	0.07	sparse_categorical_crossentropy	100	sgd	0.7943487807696753	0.01243738804828373
428	elu	10	100	normal	0.07	sparse_categorical_crossentropy	100	rmsprop	0.8069078161716552	0.015953778506944044
429	elu	10	100	normal	0.07	sparse_categorical_crossentropy	100	adagrad	0.7719650217650912	0.016241203486023117
430	elu	10	100	normal	0.07	sparse_categorical_crossentropy	100	nadam	0.8128048075811856	0.01966945978129921
431	elu	10	100	normal	0.07	sparse_categorical_crossentropy	100	adamax	0.798271890288532	0.014354958229116702
432	elu	30	100	random_uniform	0.01	sparse_categorical_crossentropy	10	adam	0.7499903694287144	0.02006867327874474
433	elu	30	100	random_uniform	0.01	sparse_categorical_crossentropy	10	sgd	0.2861127162063254	0.028005058122318828
434	elu	30	100	random_uniform	0.01	sparse_categorical_crossentropy	10	rmsprop	0.7354674679301977	0.01895083244690689
435	elu	30	100	random_uniform	0.01	sparse_categorical_crossentropy	10	adagrad	0.2861127162063254	0.028005058122318828
436	elu	30	100	random_uniform	0.01	sparse_categorical_crossentropy	10	nadam	0.7523456219422936	0.021846113720914977
437	elu	30	100	random_uniform	0.01	sparse_categorical_crossentropy	10	adamax	0.6663908471050503	0.07965227777768562
438	elu	30	100	random_uniform	0.01	sparse_categorical_crossentropy	50	adam	0.8002349859393659	0.014170227882248441
439	elu	30	100	random_uniform	0.01	sparse_categorical_crossentropy	50	sgd	0.2861127162063254	0.028005058122318828
440	elu	30	100	random_uniform	0.01	sparse_categorical_crossentropy	50	rmsprop	0.7974945105743674	0.010655148363510244
441	elu	30	100	random_uniform	0.01	sparse_categorical_crossentropy	50	adagrad	0.2861127162063254	0.028005058122318828
442	elu	30	100	random_uniform	0.01	sparse_categorical_crossentropy	50	nadam	0.7959274240147927	0.01644302817643656
443	elu	30	100	random_uniform	0.01	sparse_categorical_crossentropy	50	adamax	0.7766963288262259	0.010949937861194858
444	elu	30	100	random_uniform	0.01	sparse_categorical_crossentropy	100	adam	0.7978812743171926	0.023128340106993488
445	elu	30	100	random_uniform	0.01	sparse_categorical_crossentropy	100	sgd	0.7774698563118765	0.010116304611188802
446	elu	30	100	random_uniform	0.01	sparse_categorical_crossentropy	100	rmsprop	0.8053376478292693	0.03006243617130331
447	elu	30	100	random_uniform	0.01	sparse_categorical_crossentropy	100	adagrad	0.2872899572402635	0.0294292034055787
448	elu	30	100	random_uniform	0.01	sparse_categorical_crossentropy	100	nadam	0.8029739204129589	0.02256092337936625
449	elu	30	100	random_uniform	0.01	sparse_categorical_crossentropy	100	adamax	0.7966994106090374	0.009899452728413824
450	elu	30	100	random_uniform	0.03	sparse_categorical_crossentropy	10	adam	0.7747262991640664	0.012837976856868277
451	elu	30	100	random_uniform	0.03	sparse_categorical_crossentropy	10	sgd	0.2861127162063254	0.028005058122318828
452	elu	30	100	random_uniform	0.03	sparse_categorical_crossentropy	10	rmsprop	0.7562779768095844	0.011375773489216465
453	elu	30	100	random_uniform	0.03	sparse_categorical_crossentropy	10	adagrad	0.2861127162063254	0.028005058122318828
454	elu	30	100	random_uniform	0.03	sparse_categorical_crossentropy	10	nadam	0.7425370776994491	0.023527249346658476
455	elu	30	100	random_uniform	0.03	sparse_categorical_crossentropy	10	adamax	0.7213405755229401	0.034351482096699054
456	elu	30	100	random_uniform	0.03	sparse_categorical_crossentropy	50	adam	0.8045471705381562	0.01856825782167475
457	elu	30	100	random_uniform	0.03	sparse_categorical_crossentropy	50	sgd	0.2861127162063254	0.028005058122318828
458	elu	30	100	random_uniform	0.03	sparse_categorical_crossentropy	50	rmsprop	0.7916036827304596	0.014556122967677934
459	elu	30	100	random_uniform	0.03	sparse_categorical_crossentropy	50	adagrad	0.2861127162063254	0.028005058122318828
460	elu	30	100	random_uniform	0.03	sparse_categorical_crossentropy	50	nadam	0.7998482221965406	0.011757454697158411
461	elu	30	100	random_uniform	0.03	sparse_categorical_crossentropy	50	adamax	0.7762879926037213	0.013765066245862835
462	elu	30	100	random_uniform	0.03	sparse_categorical_crossentropy	100	adam	0.800230363265149	0.011225451105199211
463	elu	30	100	random_uniform	0.03	sparse_categorical_crossentropy	100	sgd	0.7763018606263723	0.013018816176853578
464	elu	30	100	random_uniform	0.03	sparse_categorical_crossentropy	100	rmsprop	0.8006248314650026	0.011659561725169472
465	elu	30	100	random_uniform	0.03	sparse_categorical_crossentropy	100	adagrad	0.35826957895142336	0.1643486458017117
466	elu	30	100	random_uniform	0.03	sparse_categorical_crossentropy	100	nadam	0.8053353364921609	0.020952222514465473
467	elu	30	100	random_uniform	0.03	sparse_categorical_crossentropy	100	adamax	0.7908232212334835	0.016639294707513182
468	elu	30	100	random_uniform	0.05	sparse_categorical_crossentropy	10	adam	0.743710466504873	0.01928173334461111
469	elu	30	100	random_uniform	0.05	sparse_categorical_crossentropy	10	sgd	0.2861127162063254	0.028005058122318828
470	elu	30	100	random_uniform	0.05	sparse_categorical_crossentropy	10	rmsprop	0.7566693632266266	0.01155371211282706
471	elu	30	100	random_uniform	0.05	sparse_categorical_crossentropy	10	adagrad	0.2861127162063254	0.028005058122318828
472	elu	30	100	random_uniform	0.05	sparse_categorical_crossentropy	10	nadam	0.7566616587695981	0.017569652067396396
473	elu	30	100	random_uniform	0.05	sparse_categorical_crossentropy	10	adamax	0.6287075773334874	0.09863746202568423
474	elu	30	100	random_uniform	0.05	sparse_categorical_crossentropy	50	adam	0.8029793135328788	0.02437988119658916
475	elu	30	100	random_uniform	0.05	sparse_categorical_crossentropy	50	sgd	0.2861127162063254	0.028005058122318828
476	elu	30	100	random_uniform	0.05	sparse_categorical_crossentropy	50	rmsprop	0.8014153087561156	0.011821904645560998
477	elu	30	100	random_uniform	0.05	sparse_categorical_crossentropy	50	adagrad	0.2861127162063254	0.028005058122318828
478	elu	30	100	random_uniform	0.05	sparse_categorical_crossentropy	50	nadam	0.7900373666165877	0.01327544713292567
479	elu	30	100	random_uniform	0.05	sparse_categorical_crossentropy	50	adamax	0.7790384837628567	0.012936031965004625
480	elu	30	100	random_uniform	0.05	sparse_categorical_crossentropy	100	adam	0.8025894680072423	0.011816754110919358
481	elu	30	100	random_uniform	0.05	sparse_categorical_crossentropy	100	sgd	0.7798251088254555	0.009454850337220363
482	elu	30	100	random_uniform	0.05	sparse_categorical_crossentropy	100	rmsprop	0.7927832351015062	0.01444058973533222
483	elu	30	100	random_uniform	0.05	sparse_categorical_crossentropy	100	adagrad	0.2861127162063254	0.028005058122318828
484	elu	30	100	random_uniform	0.05	sparse_categorical_crossentropy	100	nadam	0.7974945105743673	0.021495548411375087
485	elu	30	100	random_uniform	0.05	sparse_categorical_crossentropy	100	adamax	0.7947440194152317	0.01548894479368322
486	elu	30	100	random_uniform	0.07	sparse_categorical_crossentropy	10	adam	0.755503678878231	0.01865223832684302
487	elu	30	100	random_uniform	0.07	sparse_categorical_crossentropy	10	sgd	0.2861127162063254	0.028005058122318828
488	elu	30	100	random_uniform	0.07	sparse_categorical_crossentropy	10	rmsprop	0.7574398089294656	0.021993021957474497
489	elu	30	100	random_uniform	0.07	sparse_categorical_crossentropy	10	adagrad	0.25585731345583423	0.05344675082925409
490	elu	30	100	random_uniform	0.07	sparse_categorical_crossentropy	10	nadam	0.7480342077892062	0.011218375828659961
491	elu	30	100	random_uniform	0.07	sparse_categorical_crossentropy	10	adamax	0.6954258638622444	0.03668091008943017
492	elu	30	100	random_uniform	0.07	sparse_categorical_crossentropy	50	adam	0.8033814861897609	0.011090391115691661
493	elu	30	100	random_uniform	0.07	sparse_categorical_crossentropy	50	sgd	0.2861127162063254	0.028005058122318828
494	elu	30	100	random_uniform	0.07	sparse_categorical_crossentropy	50	rmsprop	0.7923879964559497	0.006897913150984278
495	elu	30	100	random_uniform	0.07	sparse_categorical_crossentropy	50	adagrad	0.2861127162063254	0.028005058122318828
496	elu	30	100	random_uniform	0.07	sparse_categorical_crossentropy	50	nadam	0.7959181786663586	0.01632412795423131
497	elu	30	100	random_uniform	0.07	sparse_categorical_crossentropy	50	adamax	0.7782611040486922	0.007014128285025575
498	elu	30	100	random_uniform	0.07	sparse_categorical_crossentropy	100	adam	0.8002326746022576	0.012243281022277142
499	elu	30	100	random_uniform	0.07	sparse_categorical_crossentropy	100	sgd	0.7704079509996532	0.006206424049225763
500	elu	30	100	random_uniform	0.07	sparse_categorical_crossentropy	100	rmsprop	0.7943472398782696	0.009985374186136636
501	elu	30	100	random_uniform	0.07	sparse_categorical_crossentropy	100	adagrad	0.35983820640240377	0.1674610502241066
502	elu	30	100	random_uniform	0.07	sparse_categorical_crossentropy	100	nadam	0.8194529835509842	0.025426192822560183
503	elu	30	100	random_uniform	0.07	sparse_categorical_crossentropy	100	adamax	0.7951338649408684	0.01057466896191186
504	elu	30	100	normal	0.01	sparse_categorical_crossentropy	10	adam	0.7523618013020532	0.011843848716215851
505	elu	30	100	normal	0.01	sparse_categorical_crossentropy	10	sgd	0.2861127162063254	0.028005058122318828
506	elu	30	100	normal	0.01	sparse_categorical_crossentropy	10	rmsprop	0.7550961131014292	0.01764826366126022
507	elu	30	100	normal	0.01	sparse_categorical_crossentropy	10	adagrad	0.2861127162063254	0.028005058122318828
508	elu	30	100	normal	0.01	sparse_categorical_crossentropy	10	nadam	0.7519688739936053	0.012433856921912142
509	elu	30	100	normal	0.01	sparse_categorical_crossentropy	10	adamax	0.7299526175892754	0.037960041842568036
510	elu	30	100	normal	0.01	sparse_categorical_crossentropy	50	adam	0.7967032628375514	0.01809319753981235
511	elu	30	100	normal	0.01	sparse_categorical_crossentropy	50	sgd	0.780224970145229	0.012869755174060447
512	elu	30	100	normal	0.01	sparse_categorical_crossentropy	50	rmsprop	0.7963103355291037	0.008085539472306103
513	elu	30	100	normal	0.01	sparse_categorical_crossentropy	50	adagrad	0.7036796486767594	0.02186991634178125
514	elu	30	100	normal	0.01	sparse_categorical_crossentropy	50	nadam	0.8014091451904927	0.01315212205243489
515	elu	30	100	normal	0.01	sparse_categorical_crossentropy	50	adamax	0.7912084440849031	0.014031495262927792
516	elu	30	100	normal	0.01	sparse_categorical_crossentropy	100	adam	0.8037643977040718	0.015181134425521617
517	elu	30	100	normal	0.01	sparse_categorical_crossentropy	100	sgd	0.7814014407334644	0.013957428885705206
518	elu	30	100	normal	0.01	sparse_categorical_crossentropy	100	rmsprop	0.7994321815170077	0.02808534471840368
519	elu	30	100	normal	0.01	sparse_categorical_crossentropy	100	adagrad	0.676657806541084	0.13367269860324058
520	elu	30	100	normal	0.01	sparse_categorical_crossentropy	100	nadam	0.8229970337840442	0.020446639948866252
521	elu	30	100	normal	0.01	sparse_categorical_crossentropy	100	adamax	0.7943464694325667	0.010149876836556233
522	elu	30	100	normal	0.03	sparse_categorical_crossentropy	10	adam	0.7633329481104819	0.013818957465577725
523	elu	30	100	normal	0.03	sparse_categorical_crossentropy	10	sgd	0.2861127162063254	0.028005058122318828
524	elu	30	100	normal	0.03	sparse_categorical_crossentropy	10	rmsprop	0.7586355406602718	0.009164902070997634
525	elu	30	100	normal	0.03	sparse_categorical_crossentropy	10	adagrad	0.2861127162063254	0.028005058122318828
526	elu	30	100	normal	0.03	sparse_categorical_crossentropy	10	nadam	0.7554813359528486	0.015543154920147859
527	elu	30	100	normal	0.03	sparse_categorical_crossentropy	10	adamax	0.731137563080242	0.036158662263936776
528	elu	30	100	normal	0.03	sparse_categorical_crossentropy	50	adam	0.8025863862244309	0.018000564465441463
529	elu	30	100	normal	0.03	sparse_categorical_crossentropy	50	sgd	0.7794344928541161	0.007916632182969924
530	elu	30	100	normal	0.03	sparse_categorical_crossentropy	50	rmsprop	0.8010200701105591	0.016394911024188583
531	elu	30	100	normal	0.03	sparse_categorical_crossentropy	50	adagrad	0.7013182325975577	0.020117178901767247
532	elu	30	100	normal	0.03	sparse_categorical_crossentropy	50	nadam	0.7978828152085983	0.011609887581754809
533	elu	30	100	normal	0.03	sparse_categorical_crossentropy	50	adamax	0.7959258831233869	0.009455831304917934
534	elu	30	100	normal	0.03	sparse_categorical_crossentropy	100	adam	0.8112200007704458	0.018728447094521875
535	elu	30	100	normal	0.03	sparse_categorical_crossentropy	100	sgd	0.7857159366693632	0.010079222628091125
536	elu	30	100	normal	0.03	sparse_categorical_crossentropy	100	rmsprop	0.8049462614122269	0.026907628054298218
537	elu	30	100	normal	0.03	sparse_categorical_crossentropy	100	adagrad	0.7472414191609846	0.015505119486951272
538	elu	30	100	normal	0.03	sparse_categorical_crossentropy	100	nadam	0.8041673408066569	0.02155454304317373
539	elu	30	100	normal	0.03	sparse_categorical_crossentropy	100	adamax	0.7963164990947262	0.012887169847910674
540	elu	30	100	normal	0.05	sparse_categorical_crossentropy	10	adam	0.7715821102507799	0.012452543268910966
541	elu	30	100	normal	0.05	sparse_categorical_crossentropy	10	sgd	0.2861127162063254	0.028005058122318828
542	elu	30	100	normal	0.05	sparse_categorical_crossentropy	10	rmsprop	0.7519465310682228	0.020982462096210866
543	elu	30	100	normal	0.05	sparse_categorical_crossentropy	10	adagrad	0.2861127162063254	0.028005058122318828
544	elu	30	100	normal	0.05	sparse_categorical_crossentropy	10	nadam	0.7582372202319041	0.0208024111206757
545	elu	30	100	normal	0.05	sparse_categorical_crossentropy	10	adamax	0.7280041604067954	0.02240835089757417
546	elu	30	100	normal	0.05	sparse_categorical_crossentropy	50	adam	0.7939612465811472	0.013804375735733046
547	elu	30	100	normal	0.05	sparse_categorical_crossentropy	50	sgd	0.7723641126391616	0.01129351389017597
548	elu	30	100	normal	0.05	sparse_categorical_crossentropy	50	rmsprop	0.795527562695019	0.017276301515355492
549	elu	30	100	normal	0.05	sparse_categorical_crossentropy	50	adagrad	0.5138734157710235	0.20224381931273375
550	elu	30	100	normal	0.05	sparse_categorical_crossentropy	50	nadam	0.797496051465773	0.01532993279663812
551	elu	30	100	normal	0.05	sparse_categorical_crossentropy	50	adamax	0.7876759505373858	0.015516539734505248
552	elu	30	100	normal	0.05	sparse_categorical_crossentropy	100	adam	0.8108378597018376	0.015710104390388287
553	elu	30	100	normal	0.05	sparse_categorical_crossentropy	100	sgd	0.7919904464732848	0.00977001658080297
554	elu	30	100	normal	0.05	sparse_categorical_crossentropy	100	rmsprop	0.810045841519319	0.013568557762724661
555	elu	30	100	normal	0.05	sparse_categorical_crossentropy	100	adagrad	0.743327554990562	0.013283378926614166
556	elu	30	100	normal	0.05	sparse_categorical_crossentropy	100	nadam	0.804548711429562	0.028458307150872962
557	elu	30	100	normal	0.05	sparse_categorical_crossentropy	100	adamax	0.7939550830155244	0.008703552729935874
558	elu	30	100	normal	0.07	sparse_categorical_crossentropy	10	adam	0.7641311298586232	0.010857138612975662
559	elu	30	100	normal	0.07	sparse_categorical_crossentropy	10	sgd	0.2861127162063254	0.028005058122318828
560	elu	30	100	normal	0.07	sparse_categorical_crossentropy	10	rmsprop	0.7511745444739782	0.008065994577848007
561	elu	30	100	normal	0.07	sparse_categorical_crossentropy	10	adagrad	0.2861127162063254	0.028005058122318828
562	elu	30	100	normal	0.07	sparse_categorical_crossentropy	10	nadam	0.7582395315690127	0.011968913693686559
563	elu	30	100	normal	0.07	sparse_categorical_crossentropy	10	adamax	0.7146839246504102	0.01280124259145344
564	elu	30	100	normal	0.07	sparse_categorical_crossentropy	50	adam	0.8037620863669634	0.011864144035503994
565	elu	30	100	normal	0.07	sparse_categorical_crossentropy	50	sgd	0.7763003197349667	0.007989768001785092
566	elu	30	100	normal	0.07	sparse_categorical_crossentropy	50	rmsprop	0.8018090065102662	0.012356123116817379
567	elu	30	100	normal	0.07	sparse_categorical_crossentropy	50	adagrad	0.6264316807273007	0.1596128757014179
568	elu	30	100	normal	0.07	sparse_categorical_crossentropy	50	nadam	0.8010131360992334	0.019911131095666727
569	elu	30	100	normal	0.07	sparse_categorical_crossentropy	50	adamax	0.7943472398782696	0.005509843723171634
570	elu	30	100	normal	0.07	sparse_categorical_crossentropy	100	adam	0.7998412881852153	0.014296535116939815
571	elu	30	100	normal	0.07	sparse_categorical_crossentropy	100	sgd	0.7896382757425171	0.00819527711556139
572	elu	30	100	normal	0.07	sparse_categorical_crossentropy	100	rmsprop	0.8202480835163142	0.017948812527456205
573	elu	30	100	normal	0.07	sparse_categorical_crossentropy	100	adagrad	0.7515636195539119	0.015028384383134849
574	elu	30	100	normal	0.07	sparse_categorical_crossentropy	100	nadam	0.8139720328209871	0.02702023148425476
575	elu	30	100	normal	0.07	sparse_categorical_crossentropy	100	adamax	0.7919919873646906	0.012745983089569615
576	selu	10	100	random_uniform	0.01	sparse_categorical_crossentropy	10	adam	0.774334912747024	0.00939422033559449
577	selu	10	100	random_uniform	0.01	sparse_categorical_crossentropy	10	sgd	0.7672599098578526	0.014153910408474937
578	selu	10	100	random_uniform	0.01	sparse_categorical_crossentropy	10	rmsprop	0.7621603297507608	0.006938686098333341
579	selu	10	100	random_uniform	0.01	sparse_categorical_crossentropy	10	adagrad	0.3316029122847567	0.08847420303017353
580	selu	10	100	random_uniform	0.01	sparse_categorical_crossentropy	10	nadam	0.7656920528525752	0.00982303134011172
581	selu	10	100	random_uniform	0.01	sparse_categorical_crossentropy	10	adamax	0.7378234908894796	0.015596890058846841
582	selu	10	100	random_uniform	0.01	sparse_categorical_crossentropy	50	adam	0.7998382064024039	0.013887273214735166
583	selu	10	100	random_uniform	0.01	sparse_categorical_crossentropy	50	sgd	0.7927824646558033	0.012075886561720373
584	selu	10	100	random_uniform	0.01	sparse_categorical_crossentropy	50	rmsprop	0.8065202819831272	0.016153359733167564
585	selu	10	100	random_uniform	0.01	sparse_categorical_crossentropy	50	adagrad	0.7488208328518049	0.010416999332984383
586	selu	10	100	random_uniform	0.01	sparse_categorical_crossentropy	50	nadam	0.7916036827304596	0.010438021754726383
587	selu	10	100	random_uniform	0.01	sparse_categorical_crossentropy	50	adamax	0.7943503216610811	0.015796236627788673
588	selu	10	100	random_uniform	0.01	sparse_categorical_crossentropy	100	adam	0.8214245541045495	0.018727602420158765
589	selu	10	100	random_uniform	0.01	sparse_categorical_crossentropy	100	sgd	0.80219268847028	0.016686322636866945
590	selu	10	100	random_uniform	0.01	sparse_categorical_crossentropy	100	rmsprop	0.8171115990600561	0.021134499943126772
591	selu	10	100	random_uniform	0.01	sparse_categorical_crossentropy	100	adagrad	0.781392965830733	0.007926775983971941
592	selu	10	100	random_uniform	0.01	sparse_categorical_crossentropy	100	nadam	0.822601024692785	0.014574002704616217
593	selu	10	100	random_uniform	0.01	sparse_categorical_crossentropy	100	adamax	0.7974937401286645	0.012658687744378372
594	selu	10	100	random_uniform	0.03	sparse_categorical_crossentropy	10	adam	0.7645140413729342	0.017504357900516902
595	selu	10	100	random_uniform	0.03	sparse_categorical_crossentropy	10	sgd	0.662168804653492	0.20769024664452884
596	selu	10	100	random_uniform	0.03	sparse_categorical_crossentropy	10	rmsprop	0.7664902346007165	0.013763084572835515
597	selu	10	100	random_uniform	0.03	sparse_categorical_crossentropy	10	adagrad	0.36728918679456063	0.1320215794065121
598	selu	10	100	random_uniform	0.03	sparse_categorical_crossentropy	10	nadam	0.7605901614083747	0.01170028903808265
599	selu	10	100	random_uniform	0.03	sparse_categorical_crossentropy	10	adamax	0.7276073808698331	0.02910046104158262
600	selu	10	100	random_uniform	0.03	sparse_categorical_crossentropy	50	adam	0.797084633460457	0.018632014744498486
601	selu	10	100	random_uniform	0.03	sparse_categorical_crossentropy	50	sgd	0.8018059247274548	0.0076350424357627365
602	selu	10	100	random_uniform	0.03	sparse_categorical_crossentropy	50	rmsprop	0.7974929696829616	0.0105451107399824
603	selu	10	100	random_uniform	0.03	sparse_categorical_crossentropy	50	adagrad	0.7382295157748757	0.024446100833500066
604	selu	10	100	random_uniform	0.03	sparse_categorical_crossentropy	50	nadam	0.8037674794868833	0.008505274959282648
605	selu	10	100	random_uniform	0.03	sparse_categorical_crossentropy	50	adamax	0.7967063446203629	0.009436675486569852
606	selu	10	100	random_uniform	0.03	sparse_categorical_crossentropy	100	adam	0.8112161485419316	0.02687307063863237
607	selu	10	100	random_uniform	0.03	sparse_categorical_crossentropy	100	sgd	0.7927763010901807	0.013206306271897022
608	selu	10	100	random_uniform	0.03	sparse_categorical_crossentropy	100	rmsprop	0.8229931815555298	0.02713540733989785
609	selu	10	100	random_uniform	0.03	sparse_categorical_crossentropy	100	adagrad	0.7774729380946879	0.009237551574500088
610	selu	10	100	random_uniform	0.03	sparse_categorical_crossentropy	100	nadam	0.8237805770638313	0.022148203156401782
611	selu	10	100	random_uniform	0.03	sparse_categorical_crossentropy	100	adamax	0.801412997419007	0.014596296342675869
612	selu	10	100	random_uniform	0.05	sparse_categorical_crossentropy	10	adam	0.766856196309565	0.026525644590882382
613	selu	10	100	random_uniform	0.05	sparse_categorical_crossentropy	10	sgd	0.7617743364536385	0.017971317276615766
614	selu	10	100	random_uniform	0.05	sparse_categorical_crossentropy	10	rmsprop	0.755882738164028	0.011766870852532271
615	selu	10	100	random_uniform	0.05	sparse_categorical_crossentropy	10	adagrad	0.2896421279710312	0.027172900643079385
616	selu	10	100	random_uniform	0.05	sparse_categorical_crossentropy	10	nadam	0.7652952733156131	0.01441237606036726
617	selu	10	100	random_uniform	0.05	sparse_categorical_crossentropy	10	adamax	0.7449046573442737	0.010726648105181749
618	selu	10	100	random_uniform	0.05	sparse_categorical_crossentropy	50	adam	0.7935652374898879	0.009368878437837081
619	selu	10	100	random_uniform	0.05	sparse_categorical_crossentropy	50	sgd	0.7939558534612273	0.014320123003238797
620	selu	10	100	random_uniform	0.05	sparse_categorical_crossentropy	50	rmsprop	0.7908155167764551	0.020571907649391145
621	selu	10	100	random_uniform	0.05	sparse_categorical_crossentropy	50	adagrad	0.7507769944913132	0.016449671866359216
622	selu	10	100	random_uniform	0.05	sparse_categorical_crossentropy	50	nadam	0.8100473824107247	0.01536304170009208
623	selu	10	100	random_uniform	0.05	sparse_categorical_crossentropy	50	adamax	0.7986671289340885	0.013322163379987631
624	selu	10	100	random_uniform	0.05	sparse_categorical_crossentropy	100	adam	0.8233884202010863	0.018219172746886825
625	selu	10	100	random_uniform	0.05	sparse_categorical_crossentropy	100	sgd	0.8002357563850688	0.011193340364580643
626	selu	10	100	random_uniform	0.05	sparse_categorical_crossentropy	100	rmsprop	0.8257398204861512	0.020108539918097343
627	selu	10	100	random_uniform	0.05	sparse_categorical_crossentropy	100	adagrad	0.7798281906082669	0.012364220226481554
628	selu	10	100	random_uniform	0.05	sparse_categorical_crossentropy	100	nadam	0.8127832351015062	0.015566380319963104
629	selu	10	100	random_uniform	0.05	sparse_categorical_crossentropy	100	adamax	0.8061250433375708	0.021588380358877984
630	selu	10	100	random_uniform	0.07	sparse_categorical_crossentropy	10	adam	0.7653045186640471	0.020527630387680185
631	selu	10	100	random_uniform	0.07	sparse_categorical_crossentropy	10	sgd	0.7570676836549944	0.016758470165048132
632	selu	10	100	random_uniform	0.07	sparse_categorical_crossentropy	10	rmsprop	0.7523517855079163	0.009308847514962445
633	selu	10	100	random_uniform	0.07	sparse_categorical_crossentropy	10	adagrad	0.28969066605031013	0.0761132070747869
634	selu	10	100	random_uniform	0.07	sparse_categorical_crossentropy	10	nadam	0.7641257367387033	0.021477956918190377
635	selu	10	100	random_uniform	0.07	sparse_categorical_crossentropy	10	adamax	0.7284178897492201	0.01740686290313089
636	selu	10	100	random_uniform	0.07	sparse_categorical_crossentropy	50	adam	0.8029754613043647	0.014235623177726328
637	selu	10	100	random_uniform	0.07	sparse_categorical_crossentropy	50	sgd	0.7963111059748064	0.016793402810979314
638	selu	10	100	random_uniform	0.07	sparse_categorical_crossentropy	50	rmsprop	0.7990554335683193	0.01587364809686998
639	selu	10	100	random_uniform	0.07	sparse_categorical_crossentropy	50	adagrad	0.7480318964520976	0.013838374727077926
640	selu	10	100	random_uniform	0.07	sparse_categorical_crossentropy	50	nadam	0.8026002542470818	0.016882083524097723
641	selu	10	100	random_uniform	0.07	sparse_categorical_crossentropy	50	adamax	0.7923864555645441	0.009140367801732488
642	selu	10	100	random_uniform	0.07	sparse_categorical_crossentropy	100	adam	0.8284872298624755	0.015491337780327978
643	selu	10	100	random_uniform	0.07	sparse_categorical_crossentropy	100	sgd	0.7939566239069301	0.013075650154999069
644	selu	10	100	random_uniform	0.07	sparse_categorical_crossentropy	100	rmsprop	0.8143618783466235	0.021827823578775832
645	selu	10	100	random_uniform	0.07	sparse_categorical_crossentropy	100	adagrad	0.7786409337801918	0.014796880106648584
646	selu	10	100	random_uniform	0.07	sparse_categorical_crossentropy	100	nadam	0.8167186717516083	0.01057922361298349
647	selu	10	100	random_uniform	0.07	sparse_categorical_crossentropy	100	adamax	0.8022034747101199	0.020948914386126838
648	selu	10	100	normal	0.01	sparse_categorical_crossentropy	10	adam	0.7743302900728072	0.01807476827398578
649	selu	10	100	normal	0.01	sparse_categorical_crossentropy	10	sgd	0.7637281867560384	0.010606548446172153
650	selu	10	100	normal	0.01	sparse_categorical_crossentropy	10	rmsprop	0.7680542393774799	0.012735366186310758
651	selu	10	100	normal	0.01	sparse_categorical_crossentropy	10	adagrad	0.44465118070803966	0.06502184869027564
652	selu	10	100	normal	0.01	sparse_categorical_crossentropy	10	nadam	0.773148426364652	0.011493657267868516
653	selu	10	100	normal	0.01	sparse_categorical_crossentropy	10	adamax	0.7299587811548982	0.04704833929231656
654	selu	10	100	normal	0.01	sparse_categorical_crossentropy	50	adam	0.794354944335298	0.01455352918150972
655	selu	10	100	normal	0.01	sparse_categorical_crossentropy	50	sgd	0.7982742016256404	0.009205540156223966
656	selu	10	100	normal	0.01	sparse_categorical_crossentropy	50	rmsprop	0.7912169189876344	0.011334861750373027
657	selu	10	100	normal	0.01	sparse_categorical_crossentropy	50	adagrad	0.7590153703917716	0.016043417564110315
658	selu	10	100	normal	0.01	sparse_categorical_crossentropy	50	nadam	0.8084764436226356	0.022288451508983325
659	selu	10	100	normal	0.01	sparse_categorical_crossentropy	50	adamax	0.799056974459725	0.016464084220724665
660	selu	10	100	normal	0.01	sparse_categorical_crossentropy	100	adam	0.8222150313956625	0.016468286071442982
661	selu	10	100	normal	0.01	sparse_categorical_crossentropy	100	sgd	0.7943510921067839	0.013476132386980177
662	selu	10	100	normal	0.01	sparse_categorical_crossentropy	100	rmsprop	0.8080912207712162	0.02169021443067265
663	selu	10	100	normal	0.01	sparse_categorical_crossentropy	100	adagrad	0.7845317616240995	0.012397909121392556
664	selu	10	100	normal	0.01	sparse_categorical_crossentropy	100	nadam	0.8296721753534421	0.011699477541324228
665	selu	10	100	normal	0.01	sparse_categorical_crossentropy	100	adamax	0.8053399591663778	0.01742728295261138
666	selu	10	100	normal	0.03	sparse_categorical_crossentropy	10	adam	0.7680511575946685	0.012040219835220677
667	selu	10	100	normal	0.03	sparse_categorical_crossentropy	10	sgd	0.7696220963827575	0.014877491331886558
668	selu	10	100	normal	0.03	sparse_categorical_crossentropy	10	rmsprop	0.7625601910705342	0.01160529704490898
669	selu	10	100	normal	0.03	sparse_categorical_crossentropy	10	adagrad	0.41059593975114606	0.12837396622230263
670	selu	10	100	normal	0.03	sparse_categorical_crossentropy	10	nadam	0.7766847721406834	0.016490042627106787
671	selu	10	100	normal	0.03	sparse_categorical_crossentropy	10	adamax	0.7543094880388305	0.008671450891059114
672	selu	10	100	normal	0.03	sparse_categorical_crossentropy	50	adam	0.8045433183096422	0.028921362405946897
673	selu	10	100	normal	0.03	sparse_categorical_crossentropy	50	sgd	0.7892445779883663	0.010311891488003827
674	selu	10	100	normal	0.03	sparse_categorical_crossentropy	50	rmsprop	0.7994506722138758	0.013494234880502618
675	selu	10	100	normal	0.03	sparse_categorical_crossentropy	50	adagrad	0.7676543780577063	0.017914654177038712
676	selu	10	100	normal	0.03	sparse_categorical_crossentropy	50	nadam	0.8045402365268309	0.02818842819394165
677	selu	10	100	normal	0.03	sparse_categorical_crossentropy	50	adamax	0.7963126468662123	0.012706148720038795
678	selu	10	100	normal	0.03	sparse_categorical_crossentropy	100	adam	0.8143518625524866	0.017085039281613656
679	selu	10	100	normal	0.03	sparse_categorical_crossentropy	100	sgd	0.8017997611618322	0.017837579375643047
680	selu	10	100	normal	0.03	sparse_categorical_crossentropy	100	rmsprop	0.8045479409838592	0.01787655380543396
681	selu	10	100	normal	0.03	sparse_categorical_crossentropy	100	adagrad	0.7825732886474825	0.015739636519220675
682	selu	10	100	normal	0.03	sparse_categorical_crossentropy	100	nadam	0.8273038252629146	0.022885041987975505
683	selu	10	100	normal	0.03	sparse_categorical_crossentropy	100	adamax	0.8041565545668169	0.012118760453102739
684	selu	10	100	normal	0.05	sparse_categorical_crossentropy	10	adam	0.7774737085403906	0.013997179168553208
685	selu	10	100	normal	0.05	sparse_categorical_crossentropy	10	sgd	0.7609838591625254	0.007016411580471443
686	selu	10	100	normal	0.05	sparse_categorical_crossentropy	10	rmsprop	0.7629484957047652	0.007474953148756611
687	selu	10	100	normal	0.05	sparse_categorical_crossentropy	10	adagrad	0.4999961477714859	0.029627711940365665
688	selu	10	100	normal	0.05	sparse_categorical_crossentropy	10	nadam	0.776686313032089	0.01835317000982447
689	selu	10	100	normal	0.05	sparse_categorical_crossentropy	10	adamax	0.7582418429061212	0.003990397804334282
690	selu	10	100	normal	0.05	sparse_categorical_crossentropy	50	adam	0.8120120189529644	0.020819576391326106
691	selu	10	100	normal	0.05	sparse_categorical_crossentropy	50	sgd	0.7998443699680264	0.007303988452544211
692	selu	10	100	normal	0.05	sparse_categorical_crossentropy	50	rmsprop	0.7947409376324204	0.014335594893671713
693	selu	10	100	normal	0.05	sparse_categorical_crossentropy	50	adagrad	0.7609792364883085	0.01859125225690032
694	selu	10	100	normal	0.05	sparse_categorical_crossentropy	50	nadam	0.8084802958511498	0.014040534000552204
695	selu	10	100	normal	0.05	sparse_categorical_crossentropy	50	adamax	0.7947409376324204	0.012932284760388116
696	selu	10	100	normal	0.05	sparse_categorical_crossentropy	100	adam	0.8194683924650409	0.016934936763133953
697	selu	10	100	normal	0.05	sparse_categorical_crossentropy	100	sgd	0.8037705612696945	0.007869351945237642
698	selu	10	100	normal	0.05	sparse_categorical_crossentropy	100	rmsprop	0.8171092877229478	0.01021900708898687
699	selu	10	100	normal	0.05	sparse_categorical_crossentropy	100	adagrad	0.7790438768827765	0.014851878436409224
700	selu	10	100	normal	0.05	sparse_categorical_crossentropy	100	nadam	0.8159320466890095	0.017880987053396392
701	selu	10	100	normal	0.05	sparse_categorical_crossentropy	100	adamax	0.8002357563850688	0.014162412125032964
702	selu	10	100	normal	0.07	sparse_categorical_crossentropy	10	adam	0.7668700643322162	0.011854680164666303
703	selu	10	100	normal	0.07	sparse_categorical_crossentropy	10	sgd	0.7692253168457953	0.009792050698652176
704	selu	10	100	normal	0.07	sparse_categorical_crossentropy	10	rmsprop	0.7625517161678032	0.018283701715134413
705	selu	10	100	normal	0.07	sparse_categorical_crossentropy	10	adagrad	0.47413074463577176	0.13250469079284802
706	selu	10	100	normal	0.07	sparse_categorical_crossentropy	10	nadam	0.7680503871489657	0.008439801516407478
707	selu	10	100	normal	0.07	sparse_categorical_crossentropy	10	adamax	0.7421518548480297	0.012162351474874709
708	selu	10	100	normal	0.07	sparse_categorical_crossentropy	50	adam	0.7927732193073694	0.009452480239275222
709	selu	10	100	normal	0.07	sparse_categorical_crossentropy	50	sgd	0.7970992719288109	0.012756420988957193
710	selu	10	100	normal	0.07	sparse_categorical_crossentropy	50	rmsprop	0.8065110366346933	0.011737996648479717
711	selu	10	100	normal	0.07	sparse_categorical_crossentropy	50	adagrad	0.7621595593050579	0.010196462191573349
712	selu	10	100	normal	0.07	sparse_categorical_crossentropy	50	nadam	0.7994452790939559	0.013403410699800488
713	selu	10	100	normal	0.07	sparse_categorical_crossentropy	50	adamax	0.7935598443699681	0.013732184046174392
714	selu	10	100	normal	0.07	sparse_categorical_crossentropy	100	adam	0.811223082553257	0.016926149509355323
715	selu	10	100	normal	0.07	sparse_categorical_crossentropy	100	sgd	0.8057274933549058	0.008557354467992445
716	selu	10	100	normal	0.07	sparse_categorical_crossentropy	100	rmsprop	0.8108340074733233	0.019117986064928864
717	selu	10	100	normal	0.07	sparse_categorical_crossentropy	100	adagrad	0.7829677568473362	0.010258603180676007
718	selu	10	100	normal	0.07	sparse_categorical_crossentropy	100	nadam	0.8214237836588467	0.012284744917779682
719	selu	10	100	normal	0.07	sparse_categorical_crossentropy	100	adamax	0.8053345660464579	0.010396192993683029
720	selu	30	100	random_uniform	0.01	sparse_categorical_crossentropy	10	adam	0.7515705535652375	0.010835153876638824
721	selu	30	100	random_uniform	0.01	sparse_categorical_crossentropy	10	sgd	0.2861127162063254	0.028005058122318828
722	selu	30	100	random_uniform	0.01	sparse_categorical_crossentropy	10	rmsprop	0.7543033244732078	0.018782371936591442
723	selu	30	100	random_uniform	0.01	sparse_categorical_crossentropy	10	adagrad	0.2551323240494626	0.04259663982097007
724	selu	30	100	random_uniform	0.01	sparse_categorical_crossentropy	10	nadam	0.7547147424785238	0.008352503668439787
725	selu	30	100	random_uniform	0.01	sparse_categorical_crossentropy	10	adamax	0.7252729303902308	0.011410551758356306
726	selu	30	100	random_uniform	0.01	sparse_categorical_crossentropy	50	adam	0.7974937401286645	0.011705428647904682
727	selu	30	100	random_uniform	0.01	sparse_categorical_crossentropy	50	sgd	0.7861080935321083	0.012450308730970302
728	selu	30	100	random_uniform	0.01	sparse_categorical_crossentropy	50	rmsprop	0.8053415000577834	0.01620853254409862
729	selu	30	100	random_uniform	0.01	sparse_categorical_crossentropy	50	adagrad	0.5384413883431565	0.2145099323752669
730	selu	30	100	random_uniform	0.01	sparse_categorical_crossentropy	50	nadam	0.801015447436342	0.01095078809835504
731	selu	30	100	random_uniform	0.01	sparse_categorical_crossentropy	50	adamax	0.7986632767055741	0.01032051374490139
732	selu	30	100	random_uniform	0.01	sparse_categorical_crossentropy	100	adam	0.8155391193805617	0.02218735180005687
733	selu	30	100	random_uniform	0.01	sparse_categorical_crossentropy	100	sgd	0.7916044531761625	0.013843990374047984
734	selu	30	100	random_uniform	0.01	sparse_categorical_crossentropy	100	rmsprop	0.8029831657613931	0.014757169685198083
735	selu	30	100	random_uniform	0.01	sparse_categorical_crossentropy	100	adagrad	0.7605978658654031	0.017518591118335973
736	selu	30	100	random_uniform	0.01	sparse_categorical_crossentropy	100	nadam	0.8096544551022766	0.017026008517904777
737	selu	30	100	random_uniform	0.01	sparse_categorical_crossentropy	100	adamax	0.7990608266882392	0.01022560382103007
738	selu	30	100	random_uniform	0.03	sparse_categorical_crossentropy	10	adam	0.7704110327824646	0.013877323947847065
739	selu	30	100	random_uniform	0.03	sparse_categorical_crossentropy	10	sgd	0.2861127162063254	0.028005058122318828
740	selu	30	100	random_uniform	0.03	sparse_categorical_crossentropy	10	rmsprop	0.7558881312839477	0.012414918642000583
741	selu	30	100	random_uniform	0.03	sparse_categorical_crossentropy	10	adagrad	0.2861127162063254	0.028005058122318828
742	selu	30	100	random_uniform	0.03	sparse_categorical_crossentropy	10	nadam	0.7539134789475711	0.015314380576603724
743	selu	30	100	random_uniform	0.03	sparse_categorical_crossentropy	10	adamax	0.7295897376632382	0.015422613502621061
744	selu	30	100	random_uniform	0.03	sparse_categorical_crossentropy	50	adam	0.8006302245849225	0.011903499456096665
745	selu	30	100	random_uniform	0.03	sparse_categorical_crossentropy	50	sgd	0.7923887669016526	0.013407074751979497
746	selu	30	100	random_uniform	0.03	sparse_categorical_crossentropy	50	rmsprop	0.7955337262606419	0.01297923701515899
747	selu	30	100	random_uniform	0.03	sparse_categorical_crossentropy	50	adagrad	0.7307669786971763	0.00596809908762461
748	selu	30	100	random_uniform	0.03	sparse_categorical_crossentropy	50	nadam	0.7923833737817327	0.009623794957959689
749	selu	30	100	random_uniform	0.03	sparse_categorical_crossentropy	50	adamax	0.7916036827304597	0.009187979164080423
750	selu	30	100	random_uniform	0.03	sparse_categorical_crossentropy	100	adam	0.8041650294695483	0.014265913371752714
751	selu	30	100	random_uniform	0.03	sparse_categorical_crossentropy	100	sgd	0.7935667783812936	0.015381988879963017
752	selu	30	100	random_uniform	0.03	sparse_categorical_crossentropy	100	rmsprop	0.7951431102893023	0.02037036924574863
753	selu	30	100	random_uniform	0.03	sparse_categorical_crossentropy	100	adagrad	0.7621680342077891	0.013930464823021085
754	selu	30	100	random_uniform	0.03	sparse_categorical_crossentropy	100	nadam	0.8159382102546324	0.012622988038227275
755	selu	30	100	random_uniform	0.03	sparse_categorical_crossentropy	100	adamax	0.7967032628375516	0.010571067143851243
756	selu	30	100	random_uniform	0.05	sparse_categorical_crossentropy	10	adam	0.7527493354905813	0.008164992726116156
757	selu	30	100	random_uniform	0.05	sparse_categorical_crossentropy	10	sgd	0.2861127162063254	0.028005058122318828
758	selu	30	100	random_uniform	0.05	sparse_categorical_crossentropy	10	rmsprop	0.7633429639046188	0.00493370376748205
759	selu	30	100	random_uniform	0.05	sparse_categorical_crossentropy	10	adagrad	0.2955244809122077	0.02972022708688887
760	selu	30	100	random_uniform	0.05	sparse_categorical_crossentropy	10	nadam	0.7586301475403521	0.010542977687891674
761	selu	30	100	random_uniform	0.05	sparse_categorical_crossentropy	10	adamax	0.7350753110674525	0.011563800575665905
762	selu	30	100	random_uniform	0.05	sparse_categorical_crossentropy	50	adam	0.7967071150660657	0.014015611109648744
763	selu	30	100	random_uniform	0.05	sparse_categorical_crossentropy	50	sgd	0.786109634423514	0.021758534702025142
764	selu	30	100	random_uniform	0.05	sparse_categorical_crossentropy	50	rmsprop	0.7923864555645441	0.011601657966141944
765	selu	30	100	random_uniform	0.05	sparse_categorical_crossentropy	50	adagrad	0.7319372857197889	0.01446572745897496
766	selu	30	100	random_uniform	0.05	sparse_categorical_crossentropy	50	nadam	0.797098501483108	0.008586869296066484
767	selu	30	100	random_uniform	0.05	sparse_categorical_crossentropy	50	adamax	0.7970923379174853	0.009327725510420073
768	selu	30	100	random_uniform	0.05	sparse_categorical_crossentropy	100	adam	0.7974945105743674	0.021061912565244416
769	selu	30	100	random_uniform	0.05	sparse_categorical_crossentropy	100	sgd	0.7951354058322739	0.01138671791299624
770	selu	30	100	random_uniform	0.05	sparse_categorical_crossentropy	100	rmsprop	0.8069031934974383	0.021229011243414378
771	selu	30	100	random_uniform	0.05	sparse_categorical_crossentropy	100	adagrad	0.7656997573096035	0.014473845890448646
772	selu	30	100	random_uniform	0.05	sparse_categorical_crossentropy	100	nadam	0.8116144689702993	0.010494959782205989
773	selu	30	100	random_uniform	0.05	sparse_categorical_crossentropy	100	adamax	0.7939643283639585	0.012704446724570486
774	selu	30	100	random_uniform	0.07	sparse_categorical_crossentropy	10	adam	0.7562718132439616	0.021814566295507203
775	selu	30	100	random_uniform	0.07	sparse_categorical_crossentropy	10	sgd	0.37609306984090296	0.1765761198679454
776	selu	30	100	random_uniform	0.07	sparse_categorical_crossentropy	10	rmsprop	0.7645186640471513	0.016078683060338016
777	selu	30	100	random_uniform	0.07	sparse_categorical_crossentropy	10	adagrad	0.2825833044416195	0.036988470838810336
778	selu	30	100	random_uniform	0.07	sparse_categorical_crossentropy	10	nadam	0.7637289572017412	0.014844514190344866
779	selu	30	100	random_uniform	0.07	sparse_categorical_crossentropy	10	adamax	0.7276297237952155	0.025277717267077532
780	selu	30	100	random_uniform	0.07	sparse_categorical_crossentropy	50	adam	0.7994529835509843	0.016218246401096235
781	selu	30	100	random_uniform	0.07	sparse_categorical_crossentropy	50	sgd	0.7821757386648176	0.0166946204511945
782	selu	30	100	random_uniform	0.07	sparse_categorical_crossentropy	50	rmsprop	0.7963080241919951	0.010397458232969661
783	selu	30	100	random_uniform	0.07	sparse_categorical_crossentropy	50	adagrad	0.7350853268615894	0.018738270062551087
784	selu	30	100	random_uniform	0.07	sparse_categorical_crossentropy	50	nadam	0.8069070457259524	0.011948070866656883
785	selu	30	100	random_uniform	0.07	sparse_categorical_crossentropy	50	adamax	0.7931761624099541	0.011527211693063928
786	selu	30	100	random_uniform	0.07	sparse_categorical_crossentropy	100	adam	0.8084725913941215	0.018076916743803687
787	selu	30	100	random_uniform	0.07	sparse_categorical_crossentropy	100	sgd	0.7900335143880735	0.009160883670243565
788	selu	30	100	random_uniform	0.07	sparse_categorical_crossentropy	100	rmsprop	0.8018090065102662	0.018421751253658948
789	selu	30	100	random_uniform	0.07	sparse_categorical_crossentropy	100	adagrad	0.7590199930659887	0.020165336662312478
790	selu	30	100	random_uniform	0.07	sparse_categorical_crossentropy	100	nadam	0.8080642551716167	0.0272903995996686
791	selu	30	100	random_uniform	0.07	sparse_categorical_crossentropy	100	adamax	0.800622520127894	0.013192443390044222
792	selu	30	100	normal	0.01	sparse_categorical_crossentropy	10	adam	0.7637335798759581	0.007985414786076516
793	selu	30	100	normal	0.01	sparse_categorical_crossentropy	10	sgd	0.6578311953465079	0.16790643076540973
794	selu	30	100	normal	0.01	sparse_categorical_crossentropy	10	rmsprop	0.768058091605994	0.012473879113399904
795	selu	30	100	normal	0.01	sparse_categorical_crossentropy	10	adagrad	0.3276882776686313	0.06894558656279051
796	selu	30	100	normal	0.01	sparse_categorical_crossentropy	10	nadam	0.7617704842251242	0.01762566653568719
797	selu	30	100	normal	0.01	sparse_categorical_crossentropy	10	adamax	0.7307623560229592	0.018202656320770793
798	selu	30	100	normal	0.01	sparse_categorical_crossentropy	50	adam	0.7923833737817327	0.003951588445564686
799	selu	30	100	normal	0.01	sparse_categorical_crossentropy	50	sgd	0.7892522824453947	0.013432327204356562
800	selu	30	100	normal	0.01	sparse_categorical_crossentropy	50	rmsprop	0.7978774220886782	0.016642538493766044
801	selu	30	100	normal	0.01	sparse_categorical_crossentropy	50	adagrad	0.7409561231172234	0.031538808401364575
802	selu	30	100	normal	0.01	sparse_categorical_crossentropy	50	nadam	0.8088662891482723	0.01486399643483906
803	selu	30	100	normal	0.01	sparse_categorical_crossentropy	50	adamax	0.8033791748526522	0.012558440645028479
804	selu	30	100	normal	0.01	sparse_categorical_crossentropy	100	adam	0.8088724527138951	0.017009366825378548
805	selu	30	100	normal	0.01	sparse_categorical_crossentropy	100	sgd	0.7920027736045303	0.014560500646305088
806	selu	30	100	normal	0.01	sparse_categorical_crossentropy	100	rmsprop	0.8151562078662506	0.012755066033798048
807	selu	30	100	normal	0.01	sparse_categorical_crossentropy	100	adagrad	0.7798312723910783	0.015006457829850115
808	selu	30	100	normal	0.01	sparse_categorical_crossentropy	100	nadam	0.8057313455834201	0.025438071844514864
809	selu	30	100	normal	0.01	sparse_categorical_crossentropy	100	adamax	0.8037713317153974	0.014735042058610906
810	selu	30	100	normal	0.03	sparse_categorical_crossentropy	10	adam	0.7684356100003853	0.013371562370023958
811	selu	30	100	normal	0.03	sparse_categorical_crossentropy	10	sgd	0.6464478600870603	0.20111673745788602
812	selu	30	100	normal	0.03	sparse_categorical_crossentropy	10	rmsprop	0.7609830887168226	0.015303446913063653
813	selu	30	100	normal	0.03	sparse_categorical_crossentropy	10	adagrad	0.32729072768596634	0.06430950472579586
814	selu	30	100	normal	0.03	sparse_categorical_crossentropy	10	nadam	0.7531322470048923	0.01976683377718387
815	selu	30	100	normal	0.03	sparse_categorical_crossentropy	10	adamax	0.7499942216572286	0.02589890995753311
816	selu	30	100	normal	0.03	sparse_categorical_crossentropy	50	adam	0.7963111059748064	0.01777391362486021
817	selu	30	100	normal	0.03	sparse_categorical_crossentropy	50	sgd	0.7927801533186949	0.014272451310141689
818	selu	30	100	normal	0.03	sparse_categorical_crossentropy	50	rmsprop	0.7967048037289572	0.01720743340960251
819	selu	30	100	normal	0.03	sparse_categorical_crossentropy	50	adagrad	0.7374321044724372	0.016821795100469626
820	selu	30	100	normal	0.03	sparse_categorical_crossentropy	50	nadam	0.802983165761393	0.009070732012543648
821	selu	30	100	normal	0.03	sparse_categorical_crossentropy	50	adamax	0.7963188104318348	0.010911504715949425
822	selu	30	100	normal	0.03	sparse_categorical_crossentropy	100	adam	0.810443391501984	0.0160641611249834
823	selu	30	100	normal	0.03	sparse_categorical_crossentropy	100	sgd	0.7951323240494625	0.011156570304301805
824	selu	30	100	normal	0.03	sparse_categorical_crossentropy	100	rmsprop	0.8088686004853809	0.011698827034914195
825	selu	30	100	normal	0.03	sparse_categorical_crossentropy	100	adagrad	0.7825732886474827	0.010804020938535283
826	selu	30	100	normal	0.03	sparse_categorical_crossentropy	100	nadam	0.8163234331060518	0.020884636047100037
827	selu	30	100	normal	0.03	sparse_categorical_crossentropy	100	adamax	0.8002357563850688	0.0048552748549631
828	selu	30	100	normal	0.05	sparse_categorical_crossentropy	10	adam	0.7715805693593742	0.00977230353141076
829	selu	30	100	normal	0.05	sparse_categorical_crossentropy	10	sgd	0.560574752494318	0.22656762208723571
830	selu	30	100	normal	0.05	sparse_categorical_crossentropy	10	rmsprop	0.7660888323895373	0.0055594136194284565
831	selu	30	100	normal	0.05	sparse_categorical_crossentropy	10	adagrad	0.3167340806656651	0.044087532274900434
832	selu	30	100	normal	0.05	sparse_categorical_crossentropy	10	nadam	0.7751153742440001	0.011464268405828098
833	selu	30	100	normal	0.05	sparse_categorical_crossentropy	10	adamax	0.7374213182325976	0.021436618982492484
834	selu	30	100	normal	0.05	sparse_categorical_crossentropy	50	adam	0.7919912169189877	0.015185361280973591
835	selu	30	100	normal	0.05	sparse_categorical_crossentropy	50	sgd	0.7923872260102469	0.015013585169135715
836	selu	30	100	normal	0.05	sparse_categorical_crossentropy	50	rmsprop	0.8021980815901999	0.010332712012677787
837	selu	30	100	normal	0.05	sparse_categorical_crossentropy	50	adagrad	0.7393959705689741	0.018143887424960738
838	selu	30	100	normal	0.05	sparse_categorical_crossentropy	50	nadam	0.8049424091837128	0.019143280672926952
839	selu	30	100	normal	0.05	sparse_categorical_crossentropy	50	adamax	0.7951377171693824	0.008724221921722786
840	selu	30	100	normal	0.05	sparse_categorical_crossentropy	100	adam	0.8053284024808353	0.01717550328535959
841	selu	30	100	normal	0.05	sparse_categorical_crossentropy	100	sgd	0.8002334450479603	0.011498501811677737
842	selu	30	100	normal	0.05	sparse_categorical_crossentropy	100	rmsprop	0.7970884856889711	0.01600722988641108
843	selu	30	100	normal	0.05	sparse_categorical_crossentropy	100	adagrad	0.7688354713201586	0.008161287363811649
844	selu	30	100	normal	0.05	sparse_categorical_crossentropy	100	nadam	0.8210223814476674	0.027812168566370674
845	selu	30	100	normal	0.05	sparse_categorical_crossentropy	100	adamax	0.801412997419007	0.01516471026670148
846	selu	30	100	normal	0.07	sparse_categorical_crossentropy	10	adam	0.7625555683963172	0.008856632564227229
847	selu	30	100	normal	0.07	sparse_categorical_crossentropy	10	sgd	0.5596039909087407	0.21347893825775366
848	selu	30	100	normal	0.07	sparse_categorical_crossentropy	10	rmsprop	0.7586278362032435	0.026954995014624474
849	selu	30	100	normal	0.07	sparse_categorical_crossentropy	10	adagrad	0.2916029122847567	0.03627261064216236
850	selu	30	100	normal	0.07	sparse_categorical_crossentropy	10	nadam	0.7602080203397665	0.006096276731615058
851	selu	30	100	normal	0.07	sparse_categorical_crossentropy	10	adamax	0.7464640394468199	0.00708889414824592
852	selu	30	100	normal	0.07	sparse_categorical_crossentropy	50	adam	0.7974883470087446	0.008799318352678635
853	selu	30	100	normal	0.07	sparse_categorical_crossentropy	50	sgd	0.7967032628375516	0.013865824224050605
854	selu	30	100	normal	0.07	sparse_categorical_crossentropy	50	rmsprop	0.7912146076505259	0.014571276977934224
855	selu	30	100	normal	0.07	sparse_categorical_crossentropy	50	adagrad	0.7346823837590046	0.012860311981358449
856	selu	30	100	normal	0.07	sparse_categorical_crossentropy	50	nadam	0.8045510227666706	0.013934705900198147
857	selu	30	100	normal	0.07	sparse_categorical_crossentropy	50	adamax	0.7908124349936438	0.010725114204234238
858	selu	30	100	normal	0.07	sparse_categorical_crossentropy	100	adam	0.8092592164567203	0.010162712569344324
859	selu	30	100	normal	0.07	sparse_categorical_crossentropy	100	sgd	0.7884648869370932	0.006381584874317518
860	selu	30	100	normal	0.07	sparse_categorical_crossentropy	100	rmsprop	0.790433375707847	0.014029339968936435
861	selu	30	100	normal	0.07	sparse_categorical_crossentropy	100	adagrad	0.7755144651180708	0.010407898330439687
862	selu	30	100	normal	0.07	sparse_categorical_crossentropy	100	nadam	0.8214207018760353	0.015537051217534393
863	selu	30	100	normal	0.07	sparse_categorical_crossentropy	100	adamax	0.8021949998073886	0.01840035721309161
